%time,field.header.seq,field.header.stamp,field.header.frame_id,field.latitude,field.longitude,field.altitude,field.utm_easting,field.utm_northing,field.zone,field.letter
1580683193963505096,5,1580683193962775945,gps,42.12318,71.0338214,10.1999998093,331885.381208,4665454.6468,19,T
1580683194987116274,6,1580683194986450910,gps,42.12318,71.0338214,10.1999998093,331885.381208,4665454.6468,19,T
1580683195963156191,7,1580683195962483882,gps,42.12318,71.0338214,10.1999998093,331885.381208,4665454.6468,19,T
1580683196964457635,8,1580683196963778018,gps,42.12318,71.0338214,10.1999998093,331885.381208,4665454.6468,19,T
1580683197988794390,9,1580683197988142967,gps,42.12318,71.0338214,10.1999998093,331885.381208,4665454.6468,19,T
1580683198965052793,10,1580683198964457988,gps,42.12318,71.0338214,10.1999998093,331885.381208,4665454.6468,19,T
1580683199966037086,11,1580683199965265989,gps,42.12318,71.0338214,10.1999998093,331885.381208,4665454.6468,19,T
1580683200968705599,12,1580683200967978954,gps,42.12318,71.0338214,10.1999998093,331885.381208,4665454.6468,19,T
1580683201968059738,13,1580683201967439889,gps,42.12318,71.0338214,10.1999998093,331885.381208,4665454.6468,19,T
1580683202968470732,14,1580683202967730045,gps,42.12318,71.0338214,10.1999998093,331885.381208,4665454.6468,19,T
1580683203994789862,15,1580683203994085073,gps,42.12318,71.0338214,10.1999998093,331885.381208,4665454.6468,19,T
1580683204969188923,16,1580683204968506097,gps,42.12318,71.0338214,10.1999998093,331885.381208,4665454.6468,19,T
1580683205977048705,17,1580683205976295948,gps,42.12318,71.0338214,10.1999998093,331885.381208,4665454.6468,19,T
1580683206963661821,18,1580683206962821006,gps,42.12318,71.0338214,10.1999998093,331885.381208,4665454.6468,19,T
1580683207969089006,19,1580683207968322038,gps,42.12318,71.0338214,10.1999998093,331885.381208,4665454.6468,19,T
1580683208969256576,20,1580683208968417882,gps,42.12318,71.0338214,10.1999998093,331885.381208,4665454.6468,19,T
1580683209969123185,21,1580683209968506097,gps,42.12318,71.0338214,10.1999998093,331885.381208,4665454.6468,19,T
1580683210969038637,22,1580683210968305110,gps,42.12318,71.0338214,10.1999998093,331885.381208,4665454.6468,19,T
1580683211962041073,23,1580683211961347103,gps,42.12318,71.0338214,10.1999998093,331885.381208,4665454.6468,19,T
1580683212963968116,24,1580683212963375091,gps,42.12318,71.0338214,10.1999998093,331885.381208,4665454.6468,19,T
1580683213964350268,25,1580683213963725090,gps,42.12318,71.0338214,10.1999998093,331885.381208,4665454.6468,19,T
1580683214969150842,26,1580683214968456029,gps,42.12318,71.0338214,10.1999998093,331885.381208,4665454.6468,19,T
1580683215972801748,27,1580683215972130060,gps,42.12318,71.0338214,10.3000001907,331885.381208,4665454.6468,19,T
1580683216969227946,28,1580683216968543052,gps,42.12318,71.0338214,10.3000001907,331885.381208,4665454.6468,19,T
1580683217968886137,29,1580683217967999935,gps,42.12318,71.0338214,10.3000001907,331885.381208,4665454.6468,19,T
1580683218962835839,30,1580683218962219953,gps,42.12318,71.0338214,10.3000001907,331885.381208,4665454.6468,19,T
1580683219962316759,31,1580683219961625099,gps,42.12318,71.0338214,10.3000001907,331885.381208,4665454.6468,19,T
1580683220970510501,32,1580683220969750881,gps,42.12318,71.0338214,10.3000001907,331885.381208,4665454.6468,19,T
1580683221970577978,33,1580683221969868898,gps,42.12318,71.0338214,10.3000001907,331885.381208,4665454.6468,19,T
1580683222966122879,34,1580683222965435028,gps,42.12318,71.0338214,10.3000001907,331885.381208,4665454.6468,19,T
1580683223970565105,35,1580683223969821929,gps,42.12318,71.0338214,10.3000001907,331885.381208,4665454.6468,19,T
1580683224966126970,36,1580683224965454101,gps,42.12318,71.0338214,10.3000001907,331885.381208,4665454.6468,19,T
1580683225964851459,37,1580683225964232921,gps,42.12318,71.0338214,10.3000001907,331885.381208,4665454.6468,19,T
1580683226973164643,38,1580683226972574949,gps,42.12318,71.0338214,10.3000001907,331885.381208,4665454.6468,19,T
1580683227972713657,39,1580683227972084999,gps,42.12318,71.0338214,10.3000001907,331885.381208,4665454.6468,19,T
1580683228965323051,40,1580683228964663028,gps,42.12318,71.0338214,10.3000001907,331885.381208,4665454.6468,19,T
1580683229969159162,41,1580683229968477964,gps,42.12318,71.0338214,10.3000001907,331885.381208,4665454.6468,19,T
1580683230965999987,42,1580683230965348958,gps,42.12318,71.0338214,10.3000001907,331885.381208,4665454.6468,19,T
1580683231969482135,43,1580683231968799114,gps,42.12318,71.0338214,10.3000001907,331885.381208,4665454.6468,19,T
1580683232995396422,44,1580683232994631052,gps,42.12318,71.0338214,10.3000001907,331885.381208,4665454.6468,19,T
1580683233969160952,45,1580683233968458890,gps,42.1231806,71.0338214,10.3000001907,331885.382794,4665454.71342,19,T
1580683234969783371,46,1580683234969144105,gps,42.1231806,71.0338214,10.3000001907,331885.382794,4665454.71342,19,T
1580683235969391526,47,1580683235968841075,gps,42.1231806,71.0338214,10.3000001907,331885.382794,4665454.71342,19,T
1580683236977633576,48,1580683236977005004,gps,42.1231806,71.0338214,10.3000001907,331885.382794,4665454.71342,19,T
1580683237992265160,49,1580683237991657018,gps,42.1231806,71.0338214,10.3000001907,331885.382794,4665454.71342,19,T
1580683238969972126,50,1580683238969194889,gps,42.1231806,71.0338214,10.3000001907,331885.382794,4665454.71342,19,T
1580683239970673448,51,1580683239969996929,gps,42.1231806,71.0338214,10.3000001907,331885.382794,4665454.71342,19,T
1580683240994628119,52,1580683240993940114,gps,42.1231806,71.0338214,10.3000001907,331885.382794,4665454.71342,19,T
1580683241969177759,53,1580683241968432903,gps,42.1231806,71.0338214,10.3000001907,331885.382794,4665454.71342,19,T
1580683242970171387,54,1580683242969552993,gps,42.1231806,71.0338214,10.3000001907,331885.382794,4665454.71342,19,T
1580683243964579293,55,1580683243963834047,gps,42.1231806,71.0338214,10.3999996185,331885.382794,4665454.71342,19,T
1580683244969257410,56,1580683244968638896,gps,42.1231806,71.0338214,10.3999996185,331885.382794,4665454.71342,19,T
1580683245990417998,57,1580683245989672899,gps,42.1231806,71.0338214,10.3999996185,331885.382794,4665454.71342,19,T
1580683246973556904,58,1580683246973006963,gps,42.1231806,71.0338214,10.3999996185,331885.382794,4665454.71342,19,T
1580683247970343350,59,1580683247969729900,gps,42.1231806,71.0338214,10.3999996185,331885.382794,4665454.71342,19,T
1580683248989519667,60,1580683248988771915,gps,42.1231806,71.0338214,10.3999996185,331885.382794,4665454.71342,19,T
1580683249969586397,61,1580683249968938112,gps,42.1231806,71.0338214,10.3999996185,331885.382794,4665454.71342,19,T
1580683250969245256,62,1580683250968494892,gps,42.1231806,71.0338214,10.3999996185,331885.382794,4665454.71342,19,T
1580683251969823287,63,1580683251969027042,gps,42.1231806,71.0338214,10.3999996185,331885.382794,4665454.71342,19,T
1580683252970252230,64,1580683252969454050,gps,42.1231806,71.0338214,10.3999996185,331885.382794,4665454.71342,19,T
1580683253986829031,65,1580683253986053943,gps,42.1231806,71.0338214,10.3999996185,331885.382794,4665454.71342,19,T
1580683254974521326,66,1580683254973762989,gps,42.1231806,71.0338214,10.3999996185,331885.382794,4665454.71342,19,T
1580683255960531096,67,1580683255959726095,gps,42.1231806,71.0338214,10.3999996185,331885.382794,4665454.71342,19,T
1580683256967510341,68,1580683256966924905,gps,42.1231806,71.0338214,10.3999996185,331885.382794,4665454.71342,19,T
1580683257964394273,69,1580683257963603019,gps,42.1231806,71.0338214,10.3999996185,331885.382794,4665454.71342,19,T
1580683258969528786,70,1580683258968894958,gps,42.1231806,71.0338214,10.3999996185,331885.382794,4665454.71342,19,T
1580683259962988112,71,1580683259962196111,gps,42.1231806,71.0338214,10.3999996185,331885.382794,4665454.71342,19,T
1580683260966488441,72,1580683260965892076,gps,42.1231806,71.0338214,10.3999996185,331885.382794,4665454.71342,19,T
1580683261959153535,73,1580683261958435058,gps,42.1231806,71.0338214,10.3999996185,331885.382794,4665454.71342,19,T
1580683262966257997,74,1580683262965619087,gps,42.1231806,71.0338214,10.3999996185,331885.382794,4665454.71342,19,T
1580683263969812674,75,1580683263969144105,gps,42.1231806,71.0338214,10.3999996185,331885.382794,4665454.71342,19,T
1580683264973921575,76,1580683264973119020,gps,42.1231806,71.0338214,10.3999996185,331885.382794,4665454.71342,19,T
1580683265968231529,77,1580683265967489957,gps,42.1231806,71.0338214,10.3999996185,331885.382794,4665454.71342,19,T
1580683266961672159,78,1580683266960990905,gps,42.1231806,71.0338214,10.3999996185,331885.382794,4665454.71342,19,T
1580683267959734320,79,1580683267959031105,gps,42.1231806,71.0338214,10.3999996185,331885.382794,4665454.71342,19,T
1580683268967367089,80,1580683268966631889,gps,42.1231806,71.0338214,10.3999996185,331885.382794,4665454.71342,19,T
1580683269964932130,81,1580683269964283943,gps,42.1231806,71.0338214,10.3999996185,331885.382794,4665454.71342,19,T
1580683270964052324,82,1580683270963488101,gps,42.1231806,71.0338214,10.3999996185,331885.382794,4665454.71342,19,T
1580683271965128212,83,1580683271964565992,gps,42.1231806,71.0338214,10.3999996185,331885.382794,4665454.71342,19,T
1580683272965670280,84,1580683272965048074,gps,42.1231806,71.0338214,10.3999996185,331885.382794,4665454.71342,19,T
1580683273969659258,85,1580683273969048023,gps,42.1231806,71.0338214,10.3999996185,331885.382794,4665454.71342,19,T
1580683274964880572,86,1580683274964251041,gps,42.1231806,71.0338214,10.3999996185,331885.382794,4665454.71342,19,T
1580683275962208178,87,1580683275961569070,gps,42.1231806,71.0338214,10.3999996185,331885.382794,4665454.71342,19,T
1580683276962297772,88,1580683276961673021,gps,42.1231806,71.0338214,10.3000001907,331885.382794,4665454.71342,19,T
1580683277957281180,89,1580683277956604957,gps,42.1231806,71.0338214,10.3000001907,331885.382794,4665454.71342,19,T
1580683278967406086,90,1580683278966801881,gps,42.1231806,71.0338214,10.3000001907,331885.382794,4665454.71342,19,T
1580683279965648115,91,1580683279964755058,gps,42.1231806,71.0338214,10.3000001907,331885.382794,4665454.71342,19,T
1580683280963191276,92,1580683280962435007,gps,42.1231806,71.0338214,10.3000001907,331885.382794,4665454.71342,19,T
1580683281973512687,93,1580683281972866058,gps,42.1231806,71.0338214,10.3000001907,331885.382794,4665454.71342,19,T
1580683282965272129,94,1580683282964565992,gps,42.1231806,71.0338214,10.3000001907,331885.382794,4665454.71342,19,T
1580683283983549957,95,1580683283982794046,gps,42.1231806,71.0338214,10.3000001907,331885.382794,4665454.71342,19,T
1580683284961284726,96,1580683284960664987,gps,42.1231806,71.0338214,10.3000001907,331885.382794,4665454.71342,19,T
1580683285962547647,97,1580683285961971998,gps,42.1231806,71.0338214,10.3000001907,331885.382794,4665454.71342,19,T
1580683286965377668,98,1580683286964730978,gps,42.1231806,71.0338214,10.3000001907,331885.382794,4665454.71342,19,T
1580683287989222343,99,1580683287988374948,gps,42.1231806,71.0338214,10.3000001907,331885.382794,4665454.71342,19,T
1580683288967614031,100,1580683288966895103,gps,42.1231806,71.0338214,10.3000001907,331885.382794,4665454.71342,19,T
1580683289969809057,101,1580683289969286918,gps,42.1231806,71.0338214,10.3000001907,331885.382794,4665454.71342,19,T
1580683290992557161,102,1580683290991895914,gps,42.1231806,71.0338214,10.3000001907,331885.382794,4665454.71342,19,T
1580683291963922252,103,1580683291963155984,gps,42.1231806,71.0338214,10.3000001907,331885.382794,4665454.71342,19,T
1580683292969208595,104,1580683292968517065,gps,42.1231806,71.033822,10.3000001907,331885.333197,4665454.7146,19,T
1580683293968872992,105,1580683293968241930,gps,42.1231806,71.033822,10.3000001907,331885.333197,4665454.7146,19,T
1580683294968793166,106,1580683294968209028,gps,42.1231806,71.033822,10.3000001907,331885.333197,4665454.7146,19,T
1580683295969506622,107,1580683295968903064,gps,42.1231806,71.033822,10.3000001907,331885.333197,4665454.7146,19,T
1580683296988899077,108,1580683296988200902,gps,42.1231806,71.033822,10.3000001907,331885.333197,4665454.7146,19,T
1580683297961288716,109,1580683297960643053,gps,42.1231806,71.033822,10.3000001907,331885.333197,4665454.7146,19,T
1580683298970535458,110,1580683298969865083,gps,42.1231806,71.033822,10.3000001907,331885.333197,4665454.7146,19,T
1580683299994307760,111,1580683299993541955,gps,42.1231806,71.033822,10.3000001907,331885.333197,4665454.7146,19,T
1580683300968737527,112,1580683300968084096,gps,42.1231806,71.033822,10.3000001907,331885.333197,4665454.7146,19,T
1580683301961592342,113,1580683301960942029,gps,42.1231806,71.033822,10.3000001907,331885.333197,4665454.7146,19,T
1580683302973226752,114,1580683302972393035,gps,42.1231806,71.033822,10.3000001907,331885.333197,4665454.7146,19,T
1580683303996223164,115,1580683303995336055,gps,42.1231806,71.033822,10.3000001907,331885.333197,4665454.7146,19,T
1580683304969544656,116,1580683304968897104,gps,42.1231806,71.033822,10.3000001907,331885.333197,4665454.7146,19,T
1580683305969023754,117,1580683305968374013,gps,42.1231806,71.033822,10.3000001907,331885.333197,4665454.7146,19,T
1580683306968169841,118,1580683306967298984,gps,42.1231806,71.033822,10.3000001907,331885.333197,4665454.7146,19,T
1580683307962844137,119,1580683307962152957,gps,42.1231806,71.033822,10.3000001907,331885.333197,4665454.7146,19,T
1580683308969925274,120,1580683308969166040,gps,42.1231806,71.033822,10.3999996185,331885.333197,4665454.7146,19,T
1580683309961724513,121,1580683309961179971,gps,42.1231806,71.033822,10.3999996185,331885.333197,4665454.7146,19,T
1580683310967324983,122,1580683310966576099,gps,42.1231806,71.033822,10.3999996185,331885.333197,4665454.7146,19,T
1580683311967951966,123,1580683311967341899,gps,42.1231806,71.033822,10.3999996185,331885.333197,4665454.7146,19,T
1580683312968269736,124,1580683312967448949,gps,42.1231806,71.033822,10.3999996185,331885.333197,4665454.7146,19,T
1580683313968282815,125,1580683313967503070,gps,42.1231806,71.033822,10.3999996185,331885.333197,4665454.7146,19,T
1580683314963106395,126,1580683314962479114,gps,42.1231806,71.033822,10.3999996185,331885.333197,4665454.7146,19,T
1580683315964320319,127,1580683315963593006,gps,42.1231806,71.033822,10.3999996185,331885.333197,4665454.7146,19,T
1580683316970150679,128,1580683316969404935,gps,42.1231806,71.033822,10.3999996185,331885.333197,4665454.7146,19,T
1580683317969127305,129,1580683317968354940,gps,42.1231806,71.033822,10.3999996185,331885.333197,4665454.7146,19,T
1580683318968353230,130,1580683318967715978,gps,42.1231812,71.0338226,10.3000001907,331885.285186,4665454.7824,19,T
1580683319970206954,131,1580683319969444990,gps,42.1231818,71.0338226,10.3000001907,331885.286773,4665454.84903,19,T
1580683320963692379,132,1580683320962994098,gps,42.1231818,71.0338226,10.3000001907,331885.286773,4665454.84903,19,T
1580683321965373812,133,1580683321964646100,gps,42.1231818,71.0338226,10.3000001907,331885.286773,4665454.84903,19,T
1580683322966821407,134,1580683322966074943,gps,42.1231818,71.0338226,10.3000001907,331885.286773,4665454.84903,19,T
1580683323970086274,135,1580683323969340085,gps,42.1231818,71.0338232,10.3000001907,331885.237175,4665454.85021,19,T
1580683324968223609,136,1580683324967353105,gps,42.1231818,71.0338232,10.3000001907,331885.237175,4665454.85021,19,T
1580683325958274901,137,1580683325957647085,gps,42.1231818,71.0338232,10.3000001907,331885.237175,4665454.85021,19,T
1580683326967316224,138,1580683326966613054,gps,42.1231818,71.0338232,10.3000001907,331885.237175,4665454.85021,19,T
1580683327967285856,139,1580683327966476917,gps,42.1231818,71.0338232,10.3000001907,331885.237175,4665454.85021,19,T
1580683328966201859,140,1580683328965430974,gps,42.1231818,71.0338232,10.3000001907,331885.237175,4665454.85021,19,T
1580683329966146310,141,1580683329965442895,gps,42.1231818,71.0338232,10.3000001907,331885.237175,4665454.85021,19,T
1580683330965287606,142,1580683330964627027,gps,42.1231818,71.0338232,10.3000001907,331885.237175,4665454.85021,19,T
1580683331969174646,143,1580683331968528032,gps,42.1231818,71.0338232,10.3000001907,331885.237175,4665454.85021,19,T
1580683332969411939,144,1580683332968898057,gps,42.1231818,71.0338232,10.3000001907,331885.237175,4665454.85021,19,T
1580683333990618017,145,1580683333989943027,gps,42.1231818,71.0338232,10.3000001907,331885.237175,4665454.85021,19,T
1580683334966522721,146,1580683334965852975,gps,42.1231818,71.0338232,10.3000001907,331885.237175,4665454.85021,19,T
1580683335966575461,147,1580683335965954065,gps,42.1231818,71.0338232,10.3000001907,331885.237175,4665454.85021,19,T
1580683336968327604,148,1580683336967596054,gps,42.1231818,71.0338232,10.3000001907,331885.237175,4665454.85021,19,T
1580683337968699808,149,1580683337967986106,gps,42.1231818,71.0338232,10.3000001907,331885.237175,4665454.85021,19,T
1580683338993261432,150,1580683338992619991,gps,42.1231818,71.0338232,10.3000001907,331885.237175,4665454.85021,19,T
1580683339967831898,151,1580683339967179059,gps,42.1231818,71.0338232,10.3000001907,331885.237175,4665454.85021,19,T
1580683340992787421,152,1580683340992228031,gps,42.1231818,71.0338232,10.3000001907,331885.237175,4665454.85021,19,T
1580683341968190871,153,1580683341967396974,gps,42.1231818,71.0338232,10.3000001907,331885.237175,4665454.85021,19,T
1580683342968112809,154,1580683342967431068,gps,42.1231818,71.0338232,10.3000001907,331885.237175,4665454.85021,19,T
1580683343968546718,155,1580683343967947006,gps,42.1231818,71.0338232,10.3000001907,331885.237175,4665454.85021,19,T
1580683344963532944,156,1580683344962858915,gps,42.1231818,71.0338232,10.3000001907,331885.237175,4665454.85021,19,T
1580683345961467754,157,1580683345960803031,gps,42.1231818,71.0338232,10.3000001907,331885.237175,4665454.85021,19,T
1580683346996524044,158,1580683346995682001,gps,42.1231818,71.0338232,10.3000001907,331885.237175,4665454.85021,19,T
1580683347972623773,159,1580683347971985101,gps,42.1231818,71.0338232,10.3000001907,331885.237175,4665454.85021,19,T
1580683348970624250,160,1580683348969959020,gps,42.1231818,71.0338232,10.3000001907,331885.237175,4665454.85021,19,T
1580683349994142554,161,1580683349993477106,gps,42.1231818,71.0338232,10.3000001907,331885.237175,4665454.85021,19,T
1580683350964681781,162,1580683350963936090,gps,42.1231818,71.0338232,10.3000001907,331885.237175,4665454.85021,19,T
1580683351970580500,163,1580683351969990968,gps,42.1231818,71.0338232,10.3000001907,331885.237175,4665454.85021,19,T
1580683352972874463,164,1580683352972215890,gps,42.1231818,71.0338232,10.3000001907,331885.237175,4665454.85021,19,T
1580683353995166762,165,1580683353994530916,gps,42.1231818,71.0338232,10.3000001907,331885.237175,4665454.85021,19,T
1580683354970202615,166,1580683354969569921,gps,42.1231818,71.0338232,10.3000001907,331885.237175,4665454.85021,19,T
1580683355963964502,167,1580683355963375091,gps,42.1231818,71.0338232,10.3000001907,331885.237175,4665454.85021,19,T
1580683356973965248,168,1580683356973181009,gps,42.1231818,71.0338232,10.3000001907,331885.237175,4665454.85021,19,T
1580683357969734531,169,1580683357968991994,gps,42.1231818,71.0338232,10.3000001907,331885.237175,4665454.85021,19,T
1580683358970078608,170,1580683358969464063,gps,42.1231818,71.0338232,10.3000001907,331885.237175,4665454.85021,19,T
1580683359973106570,171,1580683359972419023,gps,42.1231818,71.0338232,10.3000001907,331885.237175,4665454.85021,19,T
1580683360973035891,172,1580683360972312927,gps,42.1231818,71.0338232,10.3000001907,331885.237175,4665454.85021,19,T
1580683361974426333,173,1580683361973782062,gps,42.1231818,71.0338232,10.3000001907,331885.237175,4665454.85021,19,T
1580683362963817932,174,1580683362963053941,gps,42.1231818,71.0338232,10.3000001907,331885.237175,4665454.85021,19,T
1580683363963558688,175,1580683363962896108,gps,42.1231818,71.0338232,10.3000001907,331885.237175,4665454.85021,19,T
1580683364972835186,176,1580683364972228050,gps,42.1231818,71.0338232,10.3000001907,331885.237175,4665454.85021,19,T
1580683365969363393,177,1580683365968772888,gps,42.1231818,71.0338232,10.3000001907,331885.237175,4665454.85021,19,T
1580683366969880867,178,1580683366969274997,gps,42.1231818,71.0338232,10.3000001907,331885.237175,4665454.85021,19,T
1580683367973737200,179,1580683367973109006,gps,42.1231818,71.0338232,10.3000001907,331885.237175,4665454.85021,19,T
1580683368973625330,180,1580683368973025083,gps,42.1231818,71.0338232,10.3000001907,331885.237175,4665454.85021,19,T
1580683369962420640,181,1580683369961775064,gps,42.1231818,71.0338232,10.3000001907,331885.237175,4665454.85021,19,T
1580683370968845302,182,1580683370968213081,gps,42.1231818,71.0338232,10.3000001907,331885.237175,4665454.85021,19,T
1580683371970391928,183,1580683371969743967,gps,42.1231818,71.0338232,10.3000001907,331885.237175,4665454.85021,19,T
1580683372969659267,184,1580683372969000101,gps,42.1231818,71.0338232,10.3000001907,331885.237175,4665454.85021,19,T
1580683373964828244,185,1580683373964194059,gps,42.1231818,71.0338232,10.3000001907,331885.237175,4665454.85021,19,T
1580683374970482554,186,1580683374969768047,gps,42.1231818,71.0338232,10.3000001907,331885.237175,4665454.85021,19,T
1580683375969589953,187,1580683375969002008,gps,42.1231818,71.0338232,10.3000001907,331885.237175,4665454.85021,19,T
1580683376969763309,188,1580683376969166040,gps,42.1231818,71.0338232,10.3000001907,331885.237175,4665454.85021,19,T
1580683377969313047,189,1580683377968708038,gps,42.1231818,71.0338232,10.3000001907,331885.237175,4665454.85021,19,T
1580683378969679348,190,1580683378969093084,gps,42.1231818,71.0338232,10.3000001907,331885.237175,4665454.85021,19,T
1580683379963305239,191,1580683379962639093,gps,42.1231818,71.0338232,10.3000001907,331885.237175,4665454.85021,19,T
1580683380964661737,192,1580683380964122056,gps,42.1231818,71.0338232,10.3000001907,331885.237175,4665454.85021,19,T
1580683381967839874,193,1580683381967159032,gps,42.1231818,71.0338232,10.3000001907,331885.237175,4665454.85021,19,T
1580683382968364733,194,1580683382967684030,gps,42.1231818,71.0338232,10.3000001907,331885.237175,4665454.85021,19,T
1580683383970178474,195,1580683383969556093,gps,42.1231818,71.0338232,10.3000001907,331885.237175,4665454.85021,19,T
1580683384994385592,196,1580683384993736028,gps,42.1231818,71.0338232,10.3000001907,331885.237175,4665454.85021,19,T
1580683385968117826,197,1580683385967514991,gps,42.1231818,71.0338232,10.3000001907,331885.237175,4665454.85021,19,T
1580683386968844044,198,1580683386968183994,gps,42.1231818,71.0338232,10.3000001907,331885.237175,4665454.85021,19,T
1580683387961707949,199,1580683387961046934,gps,42.1231818,71.0338238,10.3000001907,331885.187577,4665454.85139,19,T
1580683388996450115,200,1580683388995637893,gps,42.1231818,71.0338238,10.3000001907,331885.187577,4665454.85139,19,T
1580683389968228169,201,1580683389967504024,gps,42.1231818,71.0338238,10.3000001907,331885.187577,4665454.85139,19,T
1580683390967667981,202,1580683390966980934,gps,42.1231818,71.0338238,10.3000001907,331885.187577,4665454.85139,19,T
1580683391993215945,203,1580683391992563962,gps,42.1231818,71.0338238,10.3000001907,331885.187577,4665454.85139,19,T
1580683392968626755,204,1580683392967919111,gps,42.1231818,71.0338238,10.3000001907,331885.187577,4665454.85139,19,T
1580683393967997215,205,1580683393967273950,gps,42.1231818,71.0338238,10.3000001907,331885.187577,4665454.85139,19,T
1580683394968561328,206,1580683394967947006,gps,42.1231818,71.0338238,10.3000001907,331885.187577,4665454.85139,19,T
1580683395969731945,207,1580683395969007015,gps,42.1231818,71.0338238,10.3000001907,331885.187577,4665454.85139,19,T
1580683396968950106,208,1580683396968307971,gps,42.1231818,71.0338238,10.3000001907,331885.187577,4665454.85139,19,T
1580683397997989986,209,1580683397997402906,gps,42.1231818,71.0338238,10.3000001907,331885.187577,4665454.85139,19,T
1580683398962974195,210,1580683398962215900,gps,42.1231818,71.0338238,10.3000001907,331885.187577,4665454.85139,19,T
1580683399973215326,211,1580683399972604036,gps,42.1231818,71.0338238,10.3000001907,331885.187577,4665454.85139,19,T
1580683400969211915,212,1580683400968502998,gps,42.1231818,71.0338238,10.3000001907,331885.187577,4665454.85139,19,T
1580683401969302354,213,1580683401968585968,gps,42.1231818,71.0338238,10.3000001907,331885.187577,4665454.85139,19,T
1580683402993761520,214,1580683402993125915,gps,42.1231818,71.0338238,10.3000001907,331885.187577,4665454.85139,19,T
1580683403962644783,215,1580683403961940050,gps,42.1231818,71.0338238,10.3000001907,331885.187577,4665454.85139,19,T
1580683404993749339,216,1580683404993120908,gps,42.1231818,71.0338238,10.3000001907,331885.187577,4665454.85139,19,T
1580683405967963243,217,1580683405967194080,gps,42.1231818,71.0338238,10.3000001907,331885.187577,4665454.85139,19,T
1580683406968885260,218,1580683406968120098,gps,42.1231818,71.0338238,10.3000001907,331885.187577,4665454.85139,19,T
1580683407969855572,219,1580683407969221115,gps,42.1231818,71.0338238,10.3000001907,331885.187577,4665454.85139,19,T
1580683408968759189,220,1580683408968132972,gps,42.1231818,71.0338238,10.3000001907,331885.187577,4665454.85139,19,T
1580683409967804162,221,1580683409967063903,gps,42.1231818,71.0338238,10.3000001907,331885.187577,4665454.85139,19,T
1580683410969450810,222,1580683410968578100,gps,42.1231818,71.0338238,10.3000001907,331885.187577,4665454.85139,19,T
1580683411959898255,223,1580683411959135055,gps,42.1231818,71.0338238,10.3000001907,331885.187577,4665454.85139,19,T
1580683412966405419,224,1580683412965742111,gps,42.1231818,71.0338238,10.3000001907,331885.187577,4665454.85139,19,T
1580683413967822284,225,1580683413967119932,gps,42.1231818,71.0338238,10.3000001907,331885.187577,4665454.85139,19,T
1580683414967590238,226,1580683414966964006,gps,42.1231818,71.0338238,10.3000001907,331885.187577,4665454.85139,19,T
1580683415968721553,227,1580683415968122959,gps,42.1231818,71.0338238,10.3000001907,331885.187577,4665454.85139,19,T
1580683416969246811,228,1580683416968581914,gps,42.1231818,71.0338238,10.3000001907,331885.187577,4665454.85139,19,T
1580683417967614748,229,1580683417967020988,gps,42.1231818,71.0338238,10.3000001907,331885.187577,4665454.85139,19,T
1580683418968797838,230,1580683418968153953,gps,42.1231818,71.0338238,10.3000001907,331885.187577,4665454.85139,19,T
1580683419969894965,231,1580683419969258069,gps,42.1231818,71.0338238,10.3000001907,331885.187577,4665454.85139,19,T
1580683420968926341,232,1580683420968269109,gps,42.1231818,71.0338238,10.3000001907,331885.187577,4665454.85139,19,T
1580683421965008253,233,1580683421964391946,gps,42.1231818,71.0338238,10.3000001907,331885.187577,4665454.85139,19,T
1580683422970106896,234,1580683422969460964,gps,42.1231818,71.0338238,10.3000001907,331885.187577,4665454.85139,19,T
1580683423970086630,235,1580683423969484090,gps,42.1231818,71.0338238,10.3000001907,331885.187577,4665454.85139,19,T
1580683424969533701,236,1580683424968978881,gps,42.1231818,71.0338238,10.3000001907,331885.187577,4665454.85139,19,T
1580683425966802004,237,1580683425966128110,gps,42.1231818,71.0338238,10.3000001907,331885.187577,4665454.85139,19,T
1580683426968869203,238,1580683426968211889,gps,42.1231818,71.0338238,10.3000001907,331885.187577,4665454.85139,19,T
1580683427962824963,239,1580683427962104082,gps,42.1231818,71.0338238,10.3000001907,331885.187577,4665454.85139,19,T
1580683428970101441,240,1580683428969500064,gps,42.1231818,71.0338238,10.3000001907,331885.187577,4665454.85139,19,T
1580683429969961217,241,1580683429969284057,gps,42.1231818,71.0338238,10.3000001907,331885.187577,4665454.85139,19,T
1580683430968999812,242,1580683430968322992,gps,42.1231818,71.0338238,10.3000001907,331885.187577,4665454.85139,19,T
1580683431969369992,243,1580683431968718051,gps,42.1231818,71.0338238,10.3000001907,331885.187577,4665454.85139,19,T
1580683432969030462,244,1580683432968360900,gps,42.1231818,71.0338238,10.3000001907,331885.187577,4665454.85139,19,T
1580683433968567672,245,1580683433967711925,gps,42.1231818,71.0338238,10.3000001907,331885.187577,4665454.85139,19,T
1580683434969287634,246,1580683434968602895,gps,42.1231818,71.0338238,10.3000001907,331885.187577,4665454.85139,19,T
1580683435993877926,247,1580683435993199110,gps,42.1231818,71.0338238,10.3000001907,331885.187577,4665454.85139,19,T
1580683436969108073,248,1580683436968501091,gps,42.1231818,71.0338238,10.3000001907,331885.187577,4665454.85139,19,T
1580683437968492778,249,1580683437967736959,gps,42.1231818,71.0338238,10.3000001907,331885.187577,4665454.85139,19,T
1580683438968478642,250,1580683438967601060,gps,42.1231818,71.0338238,10.3000001907,331885.187577,4665454.85139,19,T
1580683439995226467,251,1580683439994467973,gps,42.1231818,71.0338238,10.3000001907,331885.187577,4665454.85139,19,T
1580683440969167157,252,1580683440968537092,gps,42.1231818,71.0338238,10.3000001907,331885.187577,4665454.85139,19,T
1580683441993722542,253,1580683441992993116,gps,42.1231818,71.0338238,10.3000001907,331885.187577,4665454.85139,19,T
1580683442976098878,254,1580683442975403070,gps,42.1231818,71.0338238,10.3000001907,331885.187577,4665454.85139,19,T
1580683443967628074,255,1580683443967052936,gps,42.1231824,71.0338244,10.3000001907,331885.139566,4665454.91919,19,T
1580683444969891294,256,1580683444969207048,gps,42.1231824,71.0338244,10.3000001907,331885.139566,4665454.91919,19,T
1580683445969742629,257,1580683445969168901,gps,42.1231824,71.0338244,10.3000001907,331885.139566,4665454.91919,19,T
1580683446973740235,258,1580683446972976922,gps,42.1231824,71.0338244,10.3000001907,331885.139566,4665454.91919,19,T
1580683447969659907,259,1580683447969024896,gps,42.1231824,71.0338244,10.3000001907,331885.139566,4665454.91919,19,T
1580683448994525952,260,1580683448993953943,gps,42.1231824,71.0338244,10.3000001907,331885.139566,4665454.91919,19,T
1580683449969158130,261,1580683449968435049,gps,42.1231824,71.0338244,10.3000001907,331885.139566,4665454.91919,19,T
1580683450968833539,262,1580683450968151092,gps,42.1231824,71.0338244,10.3000001907,331885.139566,4665454.91919,19,T
1580683451963862122,263,1580683451963071107,gps,42.1231824,71.0338244,10.3000001907,331885.139566,4665454.91919,19,T
1580683452994299174,264,1580683452993644952,gps,42.1231824,71.0338244,10.3000001907,331885.139566,4665454.91919,19,T
1580683453970520173,265,1580683453969856977,gps,42.1231824,71.0338244,10.3000001907,331885.139566,4665454.91919,19,T
1580683454994697732,266,1580683454993948936,gps,42.1231824,71.0338244,10.3000001907,331885.139566,4665454.91919,19,T
1580683455969259575,267,1580683455968538999,gps,42.1231824,71.0338244,10.3000001907,331885.139566,4665454.91919,19,T
1580683456969860894,268,1580683456969098091,gps,42.1231824,71.0338244,10.3000001907,331885.139566,4665454.91919,19,T
1580683457968029437,269,1580683457967336893,gps,42.1231824,71.0338244,10.3000001907,331885.139566,4665454.91919,19,T
1580683458969670723,270,1580683458969082117,gps,42.1231824,71.0338244,10.3000001907,331885.139566,4665454.91919,19,T
1580683459962839197,271,1580683459962270021,gps,42.1231824,71.0338244,10.3000001907,331885.139566,4665454.91919,19,T
1580683460970189679,272,1580683460969623088,gps,42.1231824,71.0338244,10.3000001907,331885.139566,4665454.91919,19,T
1580683461968519970,273,1580683461967737913,gps,42.1231824,71.0338244,10.3000001907,331885.139566,4665454.91919,19,T
1580683462969752068,274,1580683462969146966,gps,42.1231824,71.0338244,10.3000001907,331885.139566,4665454.91919,19,T
1580683463970010428,275,1580683463969336986,gps,42.1231824,71.0338244,10.3000001907,331885.139566,4665454.91919,19,T
1580683464979112792,276,1580683464978360891,gps,42.1231824,71.0338244,10.3000001907,331885.139566,4665454.91919,19,T
1580683465968787496,277,1580683465968170881,gps,42.1231824,71.0338244,10.3000001907,331885.139566,4665454.91919,19,T
1580683466973916415,278,1580683466973140954,gps,42.1231824,71.0338244,10.3000001907,331885.139566,4665454.91919,19,T
1580683467974196473,279,1580683467973511934,gps,42.1231824,71.0338244,10.3000001907,331885.139566,4665454.91919,19,T
1580683468974208803,280,1580683468973603010,gps,42.1231824,71.0338244,10.3000001907,331885.139566,4665454.91919,19,T
1580683469963156276,281,1580683469962547063,gps,42.1231824,71.0338244,10.3000001907,331885.139566,4665454.91919,19,T
1580683470973836587,282,1580683470973223924,gps,42.1231824,71.0338244,10.3000001907,331885.139566,4665454.91919,19,T
1580683471973952275,283,1580683471973398923,gps,42.1231824,71.0338244,10.3000001907,331885.139566,4665454.91919,19,T
1580683472973815578,284,1580683472973253011,gps,42.1231824,71.0338244,10.3000001907,331885.139566,4665454.91919,19,T
1580683473970194409,285,1580683473969593048,gps,42.1231824,71.0338244,10.3000001907,331885.139566,4665454.91919,19,T
1580683474970424238,286,1580683474969827890,gps,42.1231824,71.0338244,10.3000001907,331885.139566,4665454.91919,19,T
1580683475965711280,287,1580683475964951038,gps,42.1231824,71.0338244,10.3000001907,331885.139566,4665454.91919,19,T
1580683476976347351,288,1580683476975636959,gps,42.1231824,71.0338244,10.3000001907,331885.139566,4665454.91919,19,T
1580683477970213426,289,1580683477969583988,gps,42.1231824,71.0338244,10.3000001907,331885.139566,4665454.91919,19,T
1580683478972861017,290,1580683478972151041,gps,42.1231824,71.0338244,10.3000001907,331885.139566,4665454.91919,19,T
1580683479973650399,291,1580683479973022937,gps,42.1231824,71.033825,10.3000001907,331885.089968,4665454.92038,19,T
1580683480970519267,292,1580683480969780921,gps,42.1231824,71.033825,10.3000001907,331885.089968,4665454.92038,19,T
1580683481969205405,293,1580683481968564987,gps,42.1231824,71.033825,10.3000001907,331885.089968,4665454.92038,19,T
1580683482973810503,294,1580683482973140954,gps,42.1231824,71.033825,10.3000001907,331885.089968,4665454.92038,19,T
1580683483967662430,295,1580683483966973066,gps,42.1231824,71.033825,10.3000001907,331885.089968,4665454.92038,19,T
1580683484973268739,296,1580683484972662925,gps,42.1231824,71.033825,10.3000001907,331885.089968,4665454.92038,19,T
1580683485998736409,297,1580683485998033046,gps,42.1231824,71.033825,10.3000001907,331885.089968,4665454.92038,19,T
1580683486973181533,298,1580683486972592115,gps,42.1231824,71.033825,10.3000001907,331885.089968,4665454.92038,19,T
1580683487969490553,299,1580683487968751907,gps,42.1231824,71.033825,10.3000001907,331885.089968,4665454.92038,19,T
1580683488977242785,300,1580683488976485013,gps,42.1231824,71.033825,10.3000001907,331885.089968,4665454.92038,19,T
1580683489998186904,301,1580683489997519016,gps,42.1231824,71.033825,10.3000001907,331885.089968,4665454.92038,19,T
1580683490970497730,302,1580683490969877004,gps,42.1231824,71.033825,10.3000001907,331885.089968,4665454.92038,19,T
1580683491997933749,303,1580683491997338056,gps,42.1231824,71.033825,10.3000001907,331885.089968,4665454.92038,19,T
1580683492970739392,304,1580683492970029115,gps,42.1231824,71.033825,10.3000001907,331885.089968,4665454.92038,19,T
1580683493969392021,305,1580683493968702077,gps,42.1231824,71.033825,10.3000001907,331885.089968,4665454.92038,19,T
1580683494964621822,306,1580683494963980913,gps,42.1231824,71.033825,10.3000001907,331885.089968,4665454.92038,19,T
1580683495964114524,307,1580683495963370084,gps,42.1231824,71.033825,10.3000001907,331885.089968,4665454.92038,19,T
1580683496970527433,308,1580683496969881057,gps,42.1231824,71.033825,10.3000001907,331885.089968,4665454.92038,19,T
1580683497968641896,309,1580683497968070983,gps,42.1231824,71.033825,10.3000001907,331885.089968,4665454.92038,19,T
1580683498970338752,310,1580683498969633102,gps,42.1231824,71.033825,10.3000001907,331885.089968,4665454.92038,19,T
1580683499990585899,311,1580683499990025043,gps,42.1231824,71.033825,10.3000001907,331885.089968,4665454.92038,19,T
1580683500966014524,312,1580683500965415000,gps,42.1231824,71.033825,10.3000001907,331885.089968,4665454.92038,19,T
1580683501960232378,313,1580683501959604978,gps,42.1231824,71.033825,10.3000001907,331885.089968,4665454.92038,19,T
1580683502968043120,314,1580683502967210054,gps,42.1231824,71.033825,10.3000001907,331885.089968,4665454.92038,19,T
1580683503993304375,315,1580683503992614030,gps,42.1231824,71.033825,10.3000001907,331885.089968,4665454.92038,19,T
1580683504965425971,316,1580683504964819908,gps,42.1231824,71.033825,10.3000001907,331885.089968,4665454.92038,19,T
1580683505992347729,317,1580683505992085933,gps,42.1231824,71.033825,10.3000001907,331885.089968,4665454.92038,19,T
1580683506959335602,318,1580683506959137916,gps,42.1231824,71.033825,10.3000001907,331885.089968,4665454.92038,19,T
1580683507959832328,319,1580683507959074974,gps,42.1231824,71.033825,10.3000001907,331885.089968,4665454.92038,19,T
1580683508966503724,320,1580683508965869903,gps,42.1231824,71.033825,10.3000001907,331885.089968,4665454.92038,19,T
1580683509965561163,321,1580683509965065002,gps,42.1231824,71.033825,10.3000001907,331885.089968,4665454.92038,19,T
1580683510965165636,322,1580683510964514970,gps,42.1231824,71.033825,10.3000001907,331885.089968,4665454.92038,19,T
1580683511966419913,323,1580683511965665102,gps,42.1231824,71.033825,10.3000001907,331885.089968,4665454.92038,19,T
1580683512967482582,324,1580683512966689109,gps,42.1231824,71.033825,10.3000001907,331885.089968,4665454.92038,19,T
1580683513966660637,325,1580683513966061115,gps,42.1231824,71.033825,10.3000001907,331885.089968,4665454.92038,19,T
1580683514965845627,326,1580683514965197086,gps,42.1231824,71.033825,10.3000001907,331885.089968,4665454.92038,19,T
1580683515965190762,327,1580683515964641094,gps,42.1231824,71.033825,10.3000001907,331885.089968,4665454.92038,19,T
1580683516965524822,328,1580683516964937925,gps,42.1231824,71.033825,10.3000001907,331885.089968,4665454.92038,19,T
1580683517959663103,329,1580683517958885908,gps,42.1231824,71.033825,10.3000001907,331885.089968,4665454.92038,19,T
1580683518966194880,330,1580683518965363979,gps,42.1231824,71.033825,10.3000001907,331885.089968,4665454.92038,19,T
1580683519966377759,331,1580683519965702056,gps,42.123183,71.0338256,10.1000003815,331885.041957,4665454.98818,19,T
1580683520965918577,332,1580683520965245962,gps,42.123183,71.0338256,10.1000003815,331885.041957,4665454.98818,19,T
1580683521964318121,333,1580683521963644027,gps,42.123183,71.0338256,10.1000003815,331885.041957,4665454.98818,19,T
1580683522966211114,334,1580683522965564966,gps,42.123183,71.0338256,10.1000003815,331885.041957,4665454.98818,19,T
1580683523958794157,335,1580683523958069086,gps,42.123183,71.0338256,10.1000003815,331885.041957,4665454.98818,19,T
1580683524981919136,336,1580683524981246948,gps,42.123183,71.0338256,10.1000003815,331885.041957,4665454.98818,19,T
1580683525965096156,337,1580683525964452981,gps,42.123183,71.0338256,10.1000003815,331885.041957,4665454.98818,19,T
1580683526965967152,338,1580683526965342998,gps,42.123183,71.0338256,10.1000003815,331885.041957,4665454.98818,19,T
1580683527966267705,339,1580683527965550899,gps,42.123183,71.0338256,10.1000003815,331885.041957,4665454.98818,19,T
1580683528967631323,340,1580683528967046022,gps,42.123183,71.0338256,10.1000003815,331885.041957,4665454.98818,19,T
1580683529966435661,341,1580683529965774059,gps,42.123183,71.0338256,10.1000003815,331885.041957,4665454.98818,19,T
1580683530967636395,342,1580683530967051029,gps,42.123183,71.0338256,10.1000003815,331885.041957,4665454.98818,19,T
1580683531959806092,343,1580683531959111928,gps,42.123183,71.0338256,10.1000003815,331885.041957,4665454.98818,19,T
1580683532968301514,344,1580683532967617988,gps,42.123183,71.0338256,10.1000003815,331885.041957,4665454.98818,19,T
1580683533969467798,345,1580683533968853950,gps,42.123183,71.0338256,10.1000003815,331885.041957,4665454.98818,19,T
1580683534969784401,346,1580683534969175100,gps,42.123183,71.0338256,10.1000003815,331885.041957,4665454.98818,19,T
1580683535973850125,347,1580683535973052024,gps,42.123183,71.0338256,10.1000003815,331885.041957,4665454.98818,19,T
1580683536992726954,348,1580683536992036104,gps,42.123183,71.0338256,10.1000003815,331885.041957,4665454.98818,19,T
1580683537968975815,349,1580683537968274116,gps,42.123183,71.0338256,10.1999998093,331885.041957,4665454.98818,19,T
1580683538969964399,350,1580683538969315052,gps,42.123183,71.0338256,10.1999998093,331885.041957,4665454.98818,19,T
1580683539974085553,351,1580683539973349094,gps,42.123183,71.0338256,10.1000003815,331885.041957,4665454.98818,19,T
1580683540999127698,352,1580683540998353004,gps,42.123183,71.0338256,10.1000003815,331885.041957,4665454.98818,19,T
1580683541968705788,353,1580683541968027114,gps,42.123183,71.0338256,10.1000003815,331885.041957,4665454.98818,19,T
1580683542998460704,354,1580683542997770071,gps,42.123183,71.0338256,10.1000003815,331885.041957,4665454.98818,19,T
1580683543969709885,355,1580683543969053030,gps,42.123183,71.0338256,10.1000003815,331885.041957,4665454.98818,19,T
1580683544970187498,356,1580683544969521045,gps,42.123183,71.0338256,10.1000003815,331885.041957,4665454.98818,19,T
1580683545966306237,357,1580683545965660095,gps,42.123183,71.0338256,10.1000003815,331885.041957,4665454.98818,19,T
1580683546966270497,358,1580683546965737104,gps,42.123183,71.0338256,10.1000003815,331885.041957,4665454.98818,19,T
1580683547966097811,359,1580683547965370893,gps,42.123183,71.0338256,10.1000003815,331885.041957,4665454.98818,19,T
1580683548967079830,360,1580683548966465950,gps,42.123183,71.0338256,10.1000003815,331885.041957,4665454.98818,19,T
1580683549985783809,361,1580683549985058069,gps,42.123183,71.0338256,10.1000003815,331885.041957,4665454.98818,19,T
1580683550965810326,362,1580683550965121984,gps,42.123183,71.0338256,10.1000003815,331885.041957,4665454.98818,19,T
1580683551966414732,363,1580683551965717077,gps,42.123183,71.0338256,10.1000003815,331885.041957,4665454.98818,19,T
1580683552967196480,364,1580683552966480970,gps,42.123183,71.0338256,10.1000003815,331885.041957,4665454.98818,19,T
1580683553993255065,365,1580683553992618083,gps,42.123183,71.0338256,10.1000003815,331885.041957,4665454.98818,19,T
1580683554960385974,366,1580683554959686040,gps,42.123183,71.0338256,10.1000003815,331885.041957,4665454.98818,19,T
1580683555987023026,367,1580683555986392974,gps,42.123183,71.0338256,10.1000003815,331885.041957,4665454.98818,19,T
1580683556966200855,368,1580683556965611934,gps,42.123183,71.0338256,10.1000003815,331885.041957,4665454.98818,19,T
1580683557965582712,369,1580683557964879035,gps,42.123183,71.0338256,10.1000003815,331885.041957,4665454.98818,19,T
1580683558967365538,370,1580683558966631889,gps,42.123183,71.0338256,10.1000003815,331885.041957,4665454.98818,19,T
1580683559959839427,371,1580683559959131956,gps,42.123183,71.0338256,10.1000003815,331885.041957,4665454.98818,19,T
1580683560967675030,372,1580683560966962099,gps,42.123183,71.0338256,10.1000003815,331885.041957,4665454.98818,19,T
1580683561964838861,373,1580683561964174032,gps,42.123183,71.0338256,10.1000003815,331885.041957,4665454.98818,19,T
1580683562965852659,374,1580683562965254068,gps,42.123183,71.0338256,10.1000003815,331885.041957,4665454.98818,19,T
1580683563968965170,375,1580683563968281030,gps,42.123183,71.0338256,10.1000003815,331885.041957,4665454.98818,19,T
1580683564965284159,376,1580683564964612960,gps,42.123183,71.0338256,10.1000003815,331885.041957,4665454.98818,19,T
1580683565957681141,377,1580683565957058906,gps,42.123183,71.0338256,10.1000003815,331885.041957,4665454.98818,19,T
1580683566967337630,378,1580683566966469049,gps,42.123183,71.0338256,10.1000003815,331885.041957,4665454.98818,19,T
1580683567965048633,379,1580683567964370965,gps,42.123183,71.0338256,10.1000003815,331885.041957,4665454.98818,19,T
1580683568965745228,380,1580683568965075969,gps,42.123183,71.0338256,10.1000003815,331885.041957,4665454.98818,19,T
1580683569968205286,381,1580683569967473983,gps,42.123183,71.0338256,10.1000003815,331885.041957,4665454.98818,19,T
1580683570968543361,382,1580683570968000888,gps,42.123183,71.0338256,10.1000003815,331885.041957,4665454.98818,19,T
1580683571959282639,383,1580683571958475112,gps,42.123183,71.0338256,10.1000003815,331885.041957,4665454.98818,19,T
1580683572961753101,384,1580683572961072921,gps,42.123183,71.0338256,10.1000003815,331885.041957,4665454.98818,19,T
1580683573967624311,385,1580683573967005014,gps,42.123183,71.0338256,10.1000003815,331885.041957,4665454.98818,19,T
1580683574967698536,386,1580683574967087030,gps,42.123183,71.0338256,10.1000003815,331885.041957,4665454.98818,19,T
1580683575968241107,387,1580683575967472076,gps,42.123183,71.0338256,10.1000003815,331885.041957,4665454.98818,19,T
1580683576967339610,388,1580683576966749906,gps,42.123183,71.0338256,10.1000003815,331885.041957,4665454.98818,19,T
1580683577969724383,389,1580683577969039916,gps,42.123183,71.0338256,10.1000003815,331885.041957,4665454.98818,19,T
1580683578970156914,390,1580683578969494104,gps,42.123183,71.0338256,10.1000003815,331885.041957,4665454.98818,19,T
1580683579959248296,391,1580683579958623886,gps,42.123183,71.0338256,10.1000003815,331885.041957,4665454.98818,19,T
1580683580966146723,392,1580683580965442895,gps,42.123183,71.0338256,10.1000003815,331885.041957,4665454.98818,19,T
1580683581968352548,393,1580683581967613935,gps,42.123183,71.0338256,10.1000003815,331885.041957,4665454.98818,19,T
1580683582966024960,394,1580683582965306997,gps,42.123183,71.0338256,10.1000003815,331885.041957,4665454.98818,19,T
1580683583967071074,395,1580683583966453075,gps,42.123183,71.0338256,10.1000003815,331885.041957,4665454.98818,19,T
1580683584966163600,396,1580683584965543985,gps,42.123183,71.0338256,10.1000003815,331885.041957,4665454.98818,19,T
1580683585959243643,397,1580683585958590030,gps,42.123183,71.0338256,10.1000003815,331885.041957,4665454.98818,19,T
1580683586994313398,398,1580683586993575096,gps,42.123183,71.0338256,10.1000003815,331885.041957,4665454.98818,19,T
1580683587966717750,399,1580683587966087102,gps,42.123183,71.0338256,10.1000003815,331885.041957,4665454.98818,19,T
1580683588966097553,400,1580683588965498924,gps,42.123183,71.0338256,10.1999998093,331885.041957,4665454.98818,19,T
1580683589959812127,401,1580683589959018945,gps,42.123183,71.0338256,10.1999998093,331885.041957,4665454.98818,19,T
1580683590994400728,402,1580683590993643045,gps,42.123183,71.0338256,10.1999998093,331885.041957,4665454.98818,19,T
1580683591966953602,403,1580683591966317892,gps,42.123183,71.0338256,10.1999998093,331885.041957,4665454.98818,19,T
1580683592968674631,404,1580683592967979907,gps,42.123183,71.0338256,10.1999998093,331885.041957,4665454.98818,19,T
1580683593992995217,405,1580683593992227077,gps,42.123183,71.0338256,10.1999998093,331885.041957,4665454.98818,19,T
1580683594966644537,406,1580683594965964078,gps,42.123183,71.0338256,10.1999998093,331885.041957,4665454.98818,19,T
1580683595967713341,407,1580683595967065095,gps,42.123183,71.0338256,10.1999998093,331885.041957,4665454.98818,19,T
1580683596974506751,408,1580683596973951101,gps,42.123183,71.0338256,10.1999998093,331885.041957,4665454.98818,19,T
1580683597963213912,409,1580683597962521076,gps,42.123183,71.0338256,10.1999998093,331885.041957,4665454.98818,19,T
1580683598969886923,410,1580683598969156026,gps,42.123183,71.0338256,10.1999998093,331885.041957,4665454.98818,19,T
1580683599968997997,411,1580683599968337059,gps,42.123183,71.0338256,10.1999998093,331885.041957,4665454.98818,19,T
1580683600995910151,412,1580683600995146036,gps,42.123183,71.0338256,10.1999998093,331885.041957,4665454.98818,19,T
1580683601964062412,413,1580683601963466882,gps,42.123183,71.0338256,10.1999998093,331885.041957,4665454.98818,19,T
1580683602962840944,414,1580683602962275028,gps,42.123183,71.0338256,10.1999998093,331885.041957,4665454.98818,19,T
1580683603960233737,415,1580683603959614992,gps,42.123183,71.0338256,10.1999998093,331885.041957,4665454.98818,19,T
1580683604995582281,416,1580683604994869947,gps,42.123183,71.0338256,10.1999998093,331885.041957,4665454.98818,19,T
1580683605967319793,417,1580683605966662883,gps,42.123183,71.0338256,10.3000001907,331885.041957,4665454.98818,19,T
1580683606968425179,418,1580683606967822074,gps,42.123183,71.0338256,10.3000001907,331885.041957,4665454.98818,19,T
1580683607995129459,419,1580683607994530916,gps,42.123183,71.0338262,10.3000001907,331884.99236,4665454.98936,19,T
1580683608964822730,420,1580683608964122056,gps,42.123183,71.0338262,10.3000001907,331884.99236,4665454.98936,19,T
1580683609969132128,421,1580683609968537092,gps,42.123183,71.0338262,10.3000001907,331884.99236,4665454.98936,19,T
1580683610968972288,422,1580683610968261003,gps,42.123183,71.0338262,10.3000001907,331884.99236,4665454.98936,19,T
1580683611969274251,423,1580683611968502998,gps,42.123183,71.0338262,10.3000001907,331884.99236,4665454.98936,19,T
1580683612969593659,424,1580683612969008922,gps,42.123183,71.0338262,10.3000001907,331884.99236,4665454.98936,19,T
1580683613962650510,425,1580683613962013959,gps,42.123183,71.0338262,10.3000001907,331884.99236,4665454.98936,19,T
1580683614968484878,426,1580683614967868089,gps,42.123183,71.0338262,10.3000001907,331884.99236,4665454.98936,19,T
1580683615968431066,427,1580683615967678070,gps,42.123183,71.0338262,10.3000001907,331884.99236,4665454.98936,19,T
1580683616968267526,428,1580683616967628002,gps,42.123183,71.0338262,10.3000001907,331884.99236,4665454.98936,19,T
1580683617969635305,429,1580683617968949079,gps,42.123183,71.0338262,10.3000001907,331884.99236,4665454.98936,19,T
1580683618967949434,430,1580683618967189073,gps,42.123183,71.0338262,10.3000001907,331884.99236,4665454.98936,19,T
1580683619963203649,431,1580683619962568998,gps,42.123183,71.0338262,10.3000001907,331884.99236,4665454.98936,19,T
1580683620973513746,432,1580683620972918033,gps,42.123183,71.0338262,10.3000001907,331884.99236,4665454.98936,19,T
1580683621970143592,433,1580683621969378948,gps,42.123183,71.0338262,10.3000001907,331884.99236,4665454.98936,19,T
1580683622970560481,434,1580683622969837903,gps,42.123183,71.0338262,10.3000001907,331884.99236,4665454.98936,19,T
1580683623963856802,435,1580683623963120937,gps,42.123183,71.0338262,10.3000001907,331884.99236,4665454.98936,19,T
1580683624963639835,436,1580683624963033914,gps,42.123183,71.0338262,10.3000001907,331884.99236,4665454.98936,19,T
1580683625963521947,437,1580683625962768077,gps,42.123183,71.0338262,10.3000001907,331884.99236,4665454.98936,19,T
1580683626962794096,438,1580683626962188959,gps,42.123183,71.0338262,10.3000001907,331884.99236,4665454.98936,19,T
1580683627955128369,439,1580683627954442977,gps,42.123183,71.0338262,10.3000001907,331884.99236,4665454.98936,19,T
1580683628963940273,440,1580683628963185071,gps,42.123183,71.0338262,10.3000001907,331884.99236,4665454.98936,19,T
1580683629966718427,441,1580683629966010093,gps,42.123183,71.0338262,10.3000001907,331884.99236,4665454.98936,19,T
1580683630969711835,442,1580683630969153881,gps,42.123183,71.0338262,10.3000001907,331884.99236,4665454.98936,19,T
1580683631969531174,443,1580683631968776941,gps,42.123183,71.0338262,10.3000001907,331884.99236,4665454.98936,19,T
1580683632973073295,444,1580683632972359895,gps,42.123183,71.0338262,10.3000001907,331884.99236,4665454.98936,19,T
1580683633961986954,445,1580683633961235046,gps,42.123183,71.0338262,10.3000001907,331884.99236,4665454.98936,19,T
1580683634969752365,446,1580683634969177961,gps,42.123183,71.0338262,10.3000001907,331884.99236,4665454.98936,19,T
1580683635974262999,447,1580683635973661899,gps,42.123183,71.0338262,10.3000001907,331884.99236,4665454.98936,19,T
1580683636970159184,448,1580683636969434022,gps,42.123183,71.0338262,10.3000001907,331884.99236,4665454.98936,19,T
1580683637988676244,449,1580683637988066911,gps,42.123183,71.0338262,10.3000001907,331884.99236,4665454.98936,19,T
1580683638970408180,450,1580683638969794988,gps,42.123183,71.0338262,10.3000001907,331884.99236,4665454.98936,19,T
1580683639970486296,451,1580683639969935894,gps,42.123183,71.0338262,10.3000001907,331884.99236,4665454.98936,19,T
1580683640998059437,452,1580683640997342109,gps,42.123183,71.0338262,10.3000001907,331884.99236,4665454.98936,19,T
1580683641969166172,453,1580683641968545913,gps,42.123183,71.0338262,10.3000001907,331884.99236,4665454.98936,19,T
1580683642973377349,454,1580683642972718000,gps,42.123183,71.0338262,10.3000001907,331884.99236,4665454.98936,19,T
1580683643994827824,455,1580683643994208097,gps,42.123183,71.0338262,10.3000001907,331884.99236,4665454.98936,19,T
1580683644970116849,456,1580683644969383001,gps,42.123183,71.0338268,10.3999996185,331884.942762,4665454.99054,19,T
1580683645966844881,457,1580683645966157913,gps,42.123183,71.0338268,10.3999996185,331884.942762,4665454.99054,19,T
1580683646965923058,458,1580683646965415000,gps,42.123183,71.0338268,10.3999996185,331884.942762,4665454.99054,19,T
1580683647974596023,459,1580683647973870038,gps,42.123183,71.0338268,10.3999996185,331884.942762,4665454.99054,19,T
1580683648967066490,460,1580683648966396093,gps,42.123183,71.0338268,10.3999996185,331884.942762,4665454.99054,19,T
1580683649967014593,461,1580683649966283082,gps,42.123183,71.0338268,10.3999996185,331884.942762,4665454.99054,19,T
1580683650987569934,462,1580683650987050056,gps,42.123183,71.0338268,10.3999996185,331884.942762,4665454.99054,19,T
1580683651969572025,463,1580683651969100952,gps,42.123183,71.0338268,10.3999996185,331884.942762,4665454.99054,19,T
1580683652971091084,464,1580683652970427989,gps,42.123183,71.0338268,10.3999996185,331884.942762,4665454.99054,19,T
1580683653969715232,465,1580683653969013929,gps,42.123183,71.0338268,10.3999996185,331884.942762,4665454.99054,19,T
1580683654998729503,466,1580683654997976064,gps,42.123183,71.0338268,10.3999996185,331884.942762,4665454.99054,19,T
1580683655969621145,467,1580683655968879938,gps,42.123183,71.0338268,10.3999996185,331884.942762,4665454.99054,19,T
1580683656969288692,468,1580683656968574047,gps,42.123183,71.0338268,10.3999996185,331884.942762,4665454.99054,19,T
1580683657993233904,469,1580683657992654085,gps,42.123183,71.0338268,10.3999996185,331884.942762,4665454.99054,19,T
1580683658970247412,470,1580683658969635009,gps,42.123183,71.0338268,10.3999996185,331884.942762,4665454.99054,19,T
1580683659968175293,471,1580683659967514991,gps,42.123183,71.0338268,10.3999996185,331884.942762,4665454.99054,19,T
1580683660968732730,472,1580683660968081951,gps,42.123183,71.0338268,10.3999996185,331884.942762,4665454.99054,19,T
1580683661961824530,473,1580683661961189031,gps,42.123183,71.0338268,10.3999996185,331884.942762,4665454.99054,19,T
1580683662967579742,474,1580683662966825008,gps,42.123183,71.0338268,10.3999996185,331884.942762,4665454.99054,19,T
1580683663964554746,475,1580683663963805913,gps,42.123183,71.0338268,10.3999996185,331884.942762,4665454.99054,19,T
1580683664965265101,476,1580683664964698076,gps,42.123183,71.0338268,10.3999996185,331884.942762,4665454.99054,19,T
1580683665965050504,477,1580683665964281082,gps,42.123183,71.0338268,10.3999996185,331884.942762,4665454.99054,19,T
1580683666965065056,478,1580683666964417934,gps,42.123183,71.0338268,10.3999996185,331884.942762,4665454.99054,19,T
1580683667958559838,479,1580683667957990884,gps,42.123183,71.0338268,10.3999996185,331884.942762,4665454.99054,19,T
1580683668959566467,480,1580683668958985090,gps,42.123183,71.0338268,10.3999996185,331884.942762,4665454.99054,19,T
1580683669964984098,481,1580683669964359045,gps,42.123183,71.0338268,10.3999996185,331884.942762,4665454.99054,19,T
1580683670966104843,482,1580683670965431928,gps,42.123183,71.0338268,10.3999996185,331884.942762,4665454.99054,19,T
1580683671965719379,483,1580683671965092897,gps,42.123183,71.0338268,10.3999996185,331884.942762,4665454.99054,19,T
1580683672965561421,484,1580683672964799880,gps,42.123183,71.0338268,10.3999996185,331884.942762,4665454.99054,19,T
1580683673966057040,485,1580683673965465068,gps,42.123183,71.0338268,10.3999996185,331884.942762,4665454.99054,19,T
1580683674965047051,486,1580683674964370965,gps,42.123183,71.0338268,10.3999996185,331884.942762,4665454.99054,19,T
1580683675958711436,487,1580683675957997083,gps,42.123183,71.0338268,10.3999996185,331884.942762,4665454.99054,19,T
1580683676965163871,488,1580683676964422941,gps,42.123183,71.0338268,10.3999996185,331884.942762,4665454.99054,19,T
1580683677965421427,489,1580683677964723110,gps,42.123183,71.0338268,10.3999996185,331884.942762,4665454.99054,19,T
1580683678964744559,490,1580683678964186906,gps,42.123183,71.0338268,10.3999996185,331884.942762,4665454.99054,19,T
1580683679963692291,491,1580683679963138103,gps,42.123183,71.0338268,10.3999996185,331884.942762,4665454.99054,19,T
1580683680964779752,492,1580683680964220046,gps,42.123183,71.0338268,10.3999996185,331884.942762,4665454.99054,19,T
1580683681970825568,493,1580683681970218896,gps,42.123183,71.0338268,10.3999996185,331884.942762,4665454.99054,19,T
1580683682968602436,494,1580683682967917919,gps,42.123183,71.0338268,10.3999996185,331884.942762,4665454.99054,19,T
1580683683964493074,495,1580683683963701963,gps,42.123183,71.0338268,10.3999996185,331884.942762,4665454.99054,19,T
1580683684964076863,496,1580683684963295936,gps,42.123183,71.0338268,10.3999996185,331884.942762,4665454.99054,19,T
1580683685964211713,497,1580683685963417053,gps,42.123183,71.0338268,10.3999996185,331884.942762,4665454.99054,19,T
1580683686958334092,498,1580683686957730054,gps,42.123183,71.0338268,10.3999996185,331884.942762,4665454.99054,19,T
1580683687964415913,499,1580683687963668107,gps,42.123183,71.0338268,10.3999996185,331884.942762,4665454.99054,19,T
1580683688994791767,500,1580683688994106054,gps,42.123183,71.0338268,10.3999996185,331884.942762,4665454.99054,19,T
1580683689963948256,501,1580683689963301897,gps,42.123183,71.0338268,10.3999996185,331884.942762,4665454.99054,19,T
1580683690964058578,502,1580683690963301897,gps,42.123183,71.0338268,10.3999996185,331884.942762,4665454.99054,19,T
1580683691984740216,503,1580683691984117984,gps,42.123183,71.0338268,10.3999996185,331884.942762,4665454.99054,19,T
1580683692965501687,504,1580683692964770078,gps,42.123183,71.0338268,10.3999996185,331884.942762,4665454.99054,19,T
1580683693990330135,505,1580683693989722013,gps,42.123183,71.0338268,10.3999996185,331884.942762,4665454.99054,19,T
1580683694964363254,506,1580683694963588953,gps,42.123183,71.0338268,10.3999996185,331884.942762,4665454.99054,19,T
1580683695964782034,507,1580683695964220046,gps,42.123183,71.0338268,10.3999996185,331884.942762,4665454.99054,19,T
1580683696967982806,508,1580683696967330932,gps,42.123183,71.0338268,10.3999996185,331884.942762,4665454.99054,19,T
1580683697966096726,509,1580683697965435981,gps,42.123183,71.0338268,10.3999996185,331884.942762,4665454.99054,19,T
1580683698967199141,510,1580683698966456890,gps,42.123183,71.0338268,10.3999996185,331884.942762,4665454.99054,19,T
1580683699962912349,511,1580683699962292909,gps,42.123183,71.0338268,10.3999996185,331884.942762,4665454.99054,19,T
1580683700967452391,512,1580683700966694116,gps,42.123183,71.0338268,10.3999996185,331884.942762,4665454.99054,19,T
1580683701993439205,513,1580683701992753028,gps,42.123183,71.0338268,10.3999996185,331884.942762,4665454.99054,19,T
1580683702966473222,514,1580683702965850114,gps,42.123183,71.0338268,10.3999996185,331884.942762,4665454.99054,19,T
1580683703966882014,515,1580683703966105937,gps,42.123183,71.0338268,10.5,331884.942762,4665454.99054,19,T
1580683704995025727,516,1580683704994364023,gps,42.123183,71.0338268,10.5,331884.942762,4665454.99054,19,T
1580683705969085116,517,1580683705968400001,gps,42.123183,71.0338268,10.5,331884.942762,4665454.99054,19,T
1580683706970159352,518,1580683706969592094,gps,42.123183,71.0338268,10.5,331884.942762,4665454.99054,19,T
1580683707998095162,519,1580683707997421979,gps,42.123183,71.0338268,10.5,331884.942762,4665454.99054,19,T
1580683708970248313,520,1580683708969583034,gps,42.123183,71.0338268,10.5,331884.942762,4665454.99054,19,T
1580683709967054912,521,1580683709966353893,gps,42.123183,71.0338268,10.5,331884.942762,4665454.99054,19,T
1580683710976587062,522,1580683710975877046,gps,42.123183,71.0338268,10.5,331884.942762,4665454.99054,19,T
1580683711970236220,523,1580683711969647884,gps,42.123183,71.0338268,10.5,331884.942762,4665454.99054,19,T
1580683712971213484,524,1580683712970489025,gps,42.123183,71.0338268,10.5,331884.942762,4665454.99054,19,T
1580683713971010912,525,1580683713970396995,gps,42.123183,71.0338268,10.5,331884.942762,4665454.99054,19,T
1580683714969907316,526,1580683714969228982,gps,42.123183,71.0338268,10.5,331884.942762,4665454.99054,19,T
1580683715963836533,527,1580683715963128089,gps,42.123183,71.0338268,10.5,331884.942762,4665454.99054,19,T
1580683716970919086,528,1580683716970314025,gps,42.123183,71.0338268,10.5,331884.942762,4665454.99054,19,T
1580683717971016276,529,1580683717970262050,gps,42.123183,71.0338268,10.5,331884.942762,4665454.99054,19,T
1580683718973326624,530,1580683718972709894,gps,42.123183,71.0338268,10.5,331884.942762,4665454.99054,19,T
1580683719973618567,531,1580683719972920894,gps,42.123183,71.0338268,10.5,331884.942762,4665454.99054,19,T
1580683720973517381,532,1580683720972858905,gps,42.1231824,71.0338268,10.5,331884.941175,4665454.92392,19,T
1580683721970527519,533,1580683721969917058,gps,42.1231824,71.0338268,10.5,331884.941175,4665454.92392,19,T
1580683722973556844,534,1580683722973057031,gps,42.1231824,71.0338268,10.5,331884.941175,4665454.92392,19,T
1580683723964568700,535,1580683723963956117,gps,42.1231824,71.0338268,10.5,331884.941175,4665454.92392,19,T
1580683724969339062,536,1580683724968754053,gps,42.1231824,71.0338268,10.5,331884.941175,4665454.92392,19,T
1580683725968948556,537,1580683725968161106,gps,42.1231824,71.0338268,10.5,331884.941175,4665454.92392,19,T
1580683726968823114,538,1580683726968205928,gps,42.1231824,71.0338268,10.5,331884.941175,4665454.92392,19,T
1580683727979031018,539,1580683727978298902,gps,42.1231824,71.0338268,10.5,331884.941175,4665454.92392,19,T
1580683728971247542,540,1580683728970613002,gps,42.1231824,71.0338268,10.5,331884.941175,4665454.92392,19,T
1580683729969111107,541,1580683729968374013,gps,42.1231824,71.0338268,10.5,331884.941175,4665454.92392,19,T
1580683730968880562,542,1580683730968194961,gps,42.1231824,71.0338268,10.5,331884.941175,4665454.92392,19,T
1580683731968992268,543,1580683731968353033,gps,42.1231824,71.0338268,10.5,331884.941175,4665454.92392,19,T
1580683732969394652,544,1580683732968674898,gps,42.1231824,71.0338268,10.5,331884.941175,4665454.92392,19,T
1580683733968712919,545,1580683733968101978,gps,42.1231824,71.0338268,10.5,331884.941175,4665454.92392,19,T
1580683734964552867,546,1580683734963670969,gps,42.1231824,71.0338268,10.5,331884.941175,4665454.92392,19,T
1580683735963810068,547,1580683735963144063,gps,42.1231824,71.0338268,10.5,331884.941175,4665454.92392,19,T
1580683736969030034,548,1580683736968316078,gps,42.1231824,71.0338268,10.5,331884.941175,4665454.92392,19,T
1580683737969353765,549,1580683737968667984,gps,42.1231824,71.0338268,10.5,331884.941175,4665454.92392,19,T
1580683738998278976,550,1580683738997584104,gps,42.1231824,71.0338268,10.5,331884.941175,4665454.92392,19,T
1580683739963509641,551,1580683739962920904,gps,42.1231824,71.0338268,10.5,331884.941175,4665454.92392,19,T
1580683740974562477,552,1580683740973828077,gps,42.1231824,71.0338268,10.5,331884.941175,4665454.92392,19,T
1580683741997312669,553,1580683741996674060,gps,42.1231824,71.0338268,10.5,331884.941175,4665454.92392,19,T
1580683742970228313,554,1580683742969532966,gps,42.1231824,71.0338268,10.5,331884.941175,4665454.92392,19,T
1580683743970153883,555,1580683743969500064,gps,42.1231824,71.0338268,10.5,331884.941175,4665454.92392,19,T
1580683744997533339,556,1580683744996948003,gps,42.1231824,71.0338268,10.5,331884.941175,4665454.92392,19,T
1580683745969993762,557,1580683745969158887,gps,42.1231824,71.0338268,10.5,331884.941175,4665454.92392,19,T
1580683746971182890,558,1580683746970455884,gps,42.1231824,71.0338268,10.5,331884.941175,4665454.92392,19,T
1580683747975193016,559,1580683747974550008,gps,42.1231824,71.0338268,10.5,331884.941175,4665454.92392,19,T
1580683748970676618,560,1580683748970074892,gps,42.1231824,71.0338268,10.5,331884.941175,4665454.92392,19,T
1580683749969341778,561,1580683749968775033,gps,42.1231824,71.0338268,10.5,331884.941175,4665454.92392,19,T
1580683750969817276,562,1580683750969290971,gps,42.1231824,71.0338268,10.5,331884.941175,4665454.92392,19,T
1580683751978534626,563,1580683751977946043,gps,42.1231824,71.0338268,10.5,331884.941175,4665454.92392,19,T
1580683752996450974,564,1580683752995532035,gps,42.1231824,71.0338268,10.5,331884.941175,4665454.92392,19,T
1580683753967011766,565,1580683753966305971,gps,42.1231824,71.0338268,10.5,331884.941175,4665454.92392,19,T
1580683754967255532,566,1580683754966651916,gps,42.1231824,71.0338268,10.5,331884.941175,4665454.92392,19,T
1580683755995577896,567,1580683755994890928,gps,42.1231824,71.0338268,10.5,331884.941175,4665454.92392,19,T
1580683756974952746,568,1580683756974339008,gps,42.1231824,71.0338268,10.5,331884.941175,4665454.92392,19,T
1580683757994683274,569,1580683757994085073,gps,42.1231824,71.0338268,10.5,331884.941175,4665454.92392,19,T
1580683758968622591,570,1580683758968050003,gps,42.1231824,71.0338268,10.5,331884.941175,4665454.92392,19,T
1580683759970324245,571,1580683759969640970,gps,42.1231824,71.0338268,10.5,331884.941175,4665454.92392,19,T
1580683760970388534,572,1580683760969626903,gps,42.1231824,71.0338268,10.5,331884.941175,4665454.92392,19,T
1580683761970230905,573,1580683761969573974,gps,42.1231824,71.0338268,10.5,331884.941175,4665454.92392,19,T
1580683762976107676,574,1580683762975429058,gps,42.1231824,71.0338268,10.5,331884.941175,4665454.92392,19,T
1580683763964060129,575,1580683763963234901,gps,42.1231824,71.0338268,10.5,331884.941175,4665454.92392,19,T
1580683764964677995,576,1580683764963911056,gps,42.1231824,71.0338268,10.5,331884.941175,4665454.92392,19,T
1580683765969900604,577,1580683765969147920,gps,42.1231824,71.0338274,10.5,331884.891577,4665454.9251,19,T
1580683766978980068,578,1580683766978341102,gps,42.1231824,71.0338274,10.5,331884.891577,4665454.9251,19,T
1580683767971167353,579,1580683767970560073,gps,42.1231824,71.0338274,10.5,331884.891577,4665454.9251,19,T
1580683768971506918,580,1580683768970793008,gps,42.1231824,71.0338274,10.5,331884.891577,4665454.9251,19,T
1580683769970605768,581,1580683769969938039,gps,42.1231824,71.0338274,10.5,331884.891577,4665454.9251,19,T
1580683770971034905,582,1580683770970448970,gps,42.1231824,71.0338274,10.5,331884.891577,4665454.9251,19,T
1580683771963973379,583,1580683771963375091,gps,42.1231824,71.0338274,10.5,331884.891577,4665454.9251,19,T
1580683772979256717,584,1580683772978641986,gps,42.1231824,71.0338274,10.5,331884.891577,4665454.9251,19,T
1580683773970860051,585,1580683773970213890,gps,42.1231824,71.0338274,10.5,331884.891577,4665454.9251,19,T
1580683774970420022,586,1580683774969806909,gps,42.123183,71.0338274,10.5,331884.893164,4665454.99172,19,T
1580683775970873671,587,1580683775970189094,gps,42.123183,71.0338274,10.5,331884.893164,4665454.99172,19,T
1580683776965623456,588,1580683776964981079,gps,42.123183,71.0338274,10.5,331884.893164,4665454.99172,19,T
1580683777970788444,589,1580683777970155000,gps,42.123183,71.0338274,10.5,331884.893164,4665454.99172,19,T
1580683778970477494,590,1580683778969876050,gps,42.123183,71.0338274,10.5,331884.893164,4665454.99172,19,T
1580683779971263751,591,1580683779970647096,gps,42.123183,71.0338274,10.5,331884.893164,4665454.99172,19,T
1580683780973217084,592,1580683780972606897,gps,42.123183,71.0338274,10.5,331884.893164,4665454.99172,19,T
1580683781969325961,593,1580683781968650102,gps,42.123183,71.0338274,10.5,331884.893164,4665454.99172,19,T
1580683782965394767,594,1580683782964633941,gps,42.123183,71.0338274,10.5,331884.893164,4665454.99172,19,T
1580683783970882350,595,1580683783970184087,gps,42.123183,71.0338274,10.5,331884.893164,4665454.99172,19,T
1580683784973659655,596,1580683784973059892,gps,42.123183,71.0338274,10.5,331884.893164,4665454.99172,19,T
1580683785977081996,597,1580683785976476907,gps,42.123183,71.0338274,10.5,331884.893164,4665454.99172,19,T
1580683786970560727,598,1580683786969897031,gps,42.123183,71.0338274,10.5,331884.893164,4665454.99172,19,T
1580683787964148946,599,1580683787963398933,gps,42.123183,71.0338274,10.5,331884.893164,4665454.99172,19,T
1580683788964502189,600,1580683788963891029,gps,42.123183,71.0338274,10.5,331884.893164,4665454.99172,19,T
1580683789988792857,601,1580683789988151073,gps,42.123183,71.0338274,10.5,331884.893164,4665454.99172,19,T
1580683790971012218,602,1580683790970257997,gps,42.123183,71.0338274,10.5,331884.893164,4665454.99172,19,T
1580683791998372151,603,1580683791997771978,gps,42.123183,71.0338274,10.5,331884.893164,4665454.99172,19,T
1580683792969728438,604,1580683792969227075,gps,42.123183,71.0338274,10.5,331884.893164,4665454.99172,19,T
1580683793970297803,605,1580683793969564914,gps,42.123183,71.0338274,10.5,331884.893164,4665454.99172,19,T
1580683794993302289,606,1580683794992681026,gps,42.123183,71.0338274,10.5,331884.893164,4665454.99172,19,T
1580683795999378778,607,1580683795998760938,gps,42.123183,71.0338274,10.5,331884.893164,4665454.99172,19,T
1580683797039363461,608,1580683797038746118,gps,42.123183,71.0338274,10.5,331884.893164,4665454.99172,19,T
1580683798065873868,609,1580683798065102100,gps,42.123183,71.0338274,10.5,331884.893164,4665454.99172,19,T
1580683799091593995,610,1580683799090804100,gps,42.123183,71.0338274,10.5,331884.893164,4665454.99172,19,T
1580683800111126424,611,1580683800110557079,gps,42.123183,71.0338274,10.5,331884.893164,4665454.99172,19,T
1580683801130778666,612,1580683801130160093,gps,42.123183,71.0338274,10.5,331884.893164,4665454.99172,19,T
1580683802146677998,613,1580683802146076917,gps,42.123183,71.0338274,10.5,331884.893164,4665454.99172,19,T
1580683803189115167,614,1580683803188463926,gps,42.123183,71.0338274,10.5,331884.893164,4665454.99172,19,T
1580683804173476992,615,1580683804172852039,gps,42.123183,71.0338274,10.5,331884.893164,4665454.99172,19,T
1580683805185176983,616,1580683805184307098,gps,42.123183,71.0338274,10.5,331884.893164,4665454.99172,19,T
