%time,field.header.seq,field.header.stamp,field.header.frame_id,field.Latitude,field.Longitude,field.Altitude,field.utm_easting,field.utm_northing,field.Zone,field.letter_as_fields,field.quality
1582847619762061832,1,1582847619759786605,GNSSpuck,42.33906688,-71.0844842383,1.783,328283.873426,4689527.84214,19,T,5
1582847620764873688,2,1582847620761091232,GNSSpuck,42.3390675217,-71.0844835117,2.006,328283.935036,4689527.91193,19,T,5
1582847621766868256,3,1582847621763331413,GNSSpuck,42.339067615,-71.084482655,2.216,328284.005864,4689527.92056,19,T,5
1582847622764448586,4,1582847622762361764,GNSSpuck,42.33906767,-71.08448176,2.448,328284.079745,4689527.92486,19,T,5
1582847623753200972,5,1582847623751420021,GNSSpuck,42.3390667383,-71.084480995,2.529,328284.140231,4689527.81986,19,T,5
1582847624768495287,6,1582847624765037775,GNSSpuck,42.3390662433,-71.0844803683,2.616,328284.19051,4689527.76363,19,T,5
1582847625748050123,7,1582847625745832204,GNSSpuck,42.3390665783,-71.0844804083,2.631,328284.188126,4689527.80091,19,T,1
1582847626775179793,8,1582847626770987987,GNSSpuck,42.3390660667,-71.0844792967,2.927,328284.278314,4689527.74185,19,T,5
1582847627761853063,9,1582847627757729768,GNSSpuck,42.339064965,-71.0844782217,3.193,328284.363876,4689527.61735,19,T,5
1582847628769788915,10,1582847628766411542,GNSSpuck,42.3390648917,-71.0844778083,3.365,328284.397727,4689527.60837,19,T,5
1582847629762075906,11,1582847629759958505,GNSSpuck,42.3390695883,-71.0844725517,4.632,328284.843565,4689528.11928,19,T,5
1582847630768203273,12,1582847630765211820,GNSSpuck,42.3390674667,-71.0844695517,3.969,328285.084935,4689527.87763,19,T,5
1582847631763816537,13,1582847631758795261,GNSSpuck,42.33907232,-71.08446441,5.463,328285.521725,4689528.40617,19,T,5
1582847632771547883,14,1582847632768611669,GNSSpuck,42.3390672817,-71.0844665533,6.457,328285.331439,4689527.85103,19,T,5
1582847633762152525,15,1582847633759665012,GNSSpuck,42.3390649383,-71.0844692217,7.416,328285.105238,4689527.59621,19,T,5
1582847634775211987,16,1582847634772682189,GNSSpuck,42.339062155,-71.0844703117,8.319,328285.007866,4689527.28934,19,T,5
1582847635776222010,17,1582847635772714614,GNSSpuck,42.33906017,-71.0844713817,9.193,328284.914314,4689527.07109,19,T,5
1582847636783004724,18,1582847636780836105,GNSSpuck,42.3390583517,-71.0844729583,9.829,328284.779476,4689526.87236,19,T,5
1582847637761490935,19,1582847637756743431,GNSSpuck,42.3390567183,-71.0844739833,10.144,328284.690589,4689526.69306,19,T,5
1582847638776561240,20,1582847638772042036,GNSSpuck,42.3390551917,-71.0844745517,10.308,328284.639613,4689526.52468,19,T,5
1582847639764841450,21,1582847639762838363,GNSSpuck,42.3390547617,-71.0844748967,9.978,328284.61002,4689526.47763,19,T,5
1582847640768736228,22,1582847640766877889,GNSSpuck,42.339054845,-71.08447507,9.641,328284.595968,4689526.48723,19,T,5
1582847641758049285,23,1582847641755478382,GNSSpuck,42.33905491,-71.08447539,9.227,328284.569783,4689526.4951,19,T,5
1582847642766396207,24,1582847642766141891,GNSSpuck,42.3390548617,-71.0844754583,9.208,328284.564022,4689526.48987,19,T,1
1582847643752157846,25,1582847643750808715,GNSSpuck,42.3390544433,-71.0844754233,8.945,328284.565766,4689526.44335,19,T,5
1582847644769492335,26,1582847644768228530,GNSSpuck,42.3390546783,-71.08447492,8.486,328284.607871,4689526.46842,19,T,5
1582847645762363986,27,1582847645760118484,GNSSpuck,42.3390554517,-71.084474405,8.118,328284.652403,4689526.55326,19,T,5
1582847646767621995,28,1582847646765344142,GNSSpuck,42.3390567667,-71.08447351,7.7,328284.729714,4689526.69747,19,T,5
1582847647755054080,29,1582847647754135847,GNSSpuck,42.3390575833,-71.0844728267,7.449,328284.788231,4689526.78677,19,T,5
1582847648777556624,30,1582847648773994684,GNSSpuck,42.3390583483,-71.0844721933,7.246,328284.842489,4689526.87044,19,T,5
1582847649766479841,31,1582847649763107061,GNSSpuck,42.339058795,-71.0844715,7.144,328284.900823,4689526.91864,19,T,5
1582847650773422123,32,1582847650770496368,GNSSpuck,42.3390594467,-71.0844708167,7.215,328284.958891,4689526.98962,19,T,5
1582847651761657037,33,1582847651757867336,GNSSpuck,42.3390594,-71.0844707767,7.213,328284.962059,4689526.98436,19,T,1
1582847652769080374,34,1582847652766693353,GNSSpuck,42.33907123,-71.084471985,3.296,328284.894717,4689528.30043,19,T,5
1582847653760414776,35,1582847653755793333,GNSSpuck,42.3390699667,-71.0844662067,6.488,328285.367307,4689528.14848,19,T,5
1582847654771101295,36,1582847654770349740,GNSSpuck,42.3390715583,-71.0844653967,6.747,328285.438368,4689528.32359,19,T,5
1582847655761227071,37,1582847655760829210,GNSSpuck,42.3390729967,-71.08446623,7.206,328285.373632,4689528.48499,19,T,5
1582847656775533965,38,1582847656773097515,GNSSpuck,42.3390726417,-71.0844753317,8.404,328284.622856,4689528.46395,19,T,5
1582847657760791274,39,1582847657759144306,GNSSpuck,42.3390717467,-71.0844748117,9.337,328284.663258,4689528.36351,19,T,5
1582847658766229774,40,1582847658764768600,GNSSpuck,42.3390707017,-71.084472455,9.918,328284.854559,4689528.24272,19,T,5
1582847659762861720,41,1582847659762547492,GNSSpuck,42.3390693983,-71.0844706317,10.264,328285.001221,4689528.09431,19,T,5
1582847660798755058,42,1582847660796388626,GNSSpuck,42.3390729783,-71.0844679133,7.37,328285.234907,4689528.48635,19,T,5
1582847661763672995,43,1582847661762738466,GNSSpuck,42.3390724533,-71.0844679317,7.111,328285.231967,4689528.42809,19,T,5
1582847662773697313,44,1582847662770914316,GNSSpuck,42.3390742883,-71.0844662133,6.328,328285.378521,4689528.62838,19,T,5
1582847663765679403,45,1582847663763068437,GNSSpuck,42.3390755383,-71.0844647083,5.54,328285.505908,4689528.76415,19,T,5
1582847664774861252,46,1582847664770680427,GNSSpuck,42.3390771167,-71.0844629833,5.175,328285.652313,4689528.93592,19,T,5
1582847665762233340,47,1582847665760586023,GNSSpuck,42.3390787033,-71.0844613567,4.934,328285.79064,4689529.10883,19,T,5
1582847666765971786,48,1582847666764676570,GNSSpuck,42.3390785483,-71.0844614283,5.032,328285.784314,4689529.09176,19,T,5
1582847667771676960,49,1582847667768333911,GNSSpuck,42.3390783683,-71.0844621717,5.184,328285.722587,4689529.07327,19,T,5
1582847668778270183,50,1582847668773691177,GNSSpuck,42.3390782133,-71.0844629517,5.277,328285.657907,4689529.05764,19,T,5
1582847669778969808,51,1582847669778420448,GNSSpuck,42.3390769533,-71.0844634017,5.328,328285.617405,4689528.91863,19,T,5
1582847670772958836,52,1582847670769920587,GNSSpuck,42.3390760283,-71.0844637133,5.032,328285.589212,4689528.81655,19,T,5
1582847671773358494,53,1582847671769942283,GNSSpuck,42.3390757933,-71.0844640467,4.889,328285.561112,4689528.79113,19,T,5
1582847672820690525,54,1582847672817385911,GNSSpuck,42.33907553,-71.084464515,4.908,328285.521813,4689528.76283,19,T,5
1582847673765813156,55,1582847673762458562,GNSSpuck,42.3390755117,-71.0844649867,4.923,328285.482906,4689528.76175,19,T,5
1582847674777675706,56,1582847674775218248,GNSSpuck,42.3390756717,-71.0844654983,4.946,328285.44119,4689528.78055,19,T,5
1582847675760320676,57,1582847675758078098,GNSSpuck,42.3390757583,-71.0844660467,4.967,328285.396253,4689528.79128,19,T,5
1582847676775467091,58,1582847676774869680,GNSSpuck,42.33907543,-71.0844666217,4.973,328285.34799,4689528.75598,19,T,5
1582847677767239836,59,1582847677763968706,GNSSpuck,42.3390748217,-71.0844672117,4.956,328285.297729,4689528.68962,19,T,5
1582847678767089755,60,1582847678763210773,GNSSpuck,42.33907453,-71.0844678117,4.944,328285.247506,4689528.65845,19,T,5
1582847679759544164,61,1582847679759070396,GNSSpuck,42.3390742683,-71.0844683217,4.924,328285.204779,4689528.63042,19,T,5
1582847680770653108,62,1582847680768695592,GNSSpuck,42.3390743233,-71.0844683717,5.03,328285.20081,4689528.63663,19,T,5
1582847681777968376,63,1582847681773001670,GNSSpuck,42.3390744,-71.0844683617,5.067,328285.201842,4689528.64512,19,T,1
1582847682773365251,64,1582847682769807815,GNSSpuck,42.33907452,-71.0844683383,5.127,328285.204091,4689528.6584,19,T,1
1582847683762430688,65,1582847683758777379,GNSSpuck,42.3390586533,-71.0844537767,7.288,328286.360515,4689526.86712,19,T,5
1582847684773199978,66,1582847684770180463,GNSSpuck,42.339058405,-71.08445242,7.18,328286.471603,4689526.8368,19,T,5
1582847685755262373,67,1582847685752194643,GNSSpuck,42.3390508717,-71.0844535383,5.999,328286.358967,4689526.00254,19,T,5
1582847686764848437,68,1582847686761572837,GNSSpuck,42.33905118,-71.0844527917,5.775,328286.421318,4689526.03527,19,T,5
1582847687756005765,69,1582847687752421617,GNSSpuck,42.339050665,-71.0844521783,5.593,328286.470443,4689525.97685,19,T,5
1582847688783257903,70,1582847688779931306,GNSSpuck,42.3390517617,-71.0844558867,4.994,328286.16793,4689526.10611,19,T,5
1582847689762067428,71,1582847689759223461,GNSSpuck,42.33905345,-71.0844582133,4.659,328285.980851,4689526.29829,19,T,5
1582847690773281422,72,1582847690770983695,GNSSpuck,42.3390531833,-71.0844591217,4.437,328285.905295,4689526.27051,19,T,5
1582847691765917276,73,1582847691763509511,GNSSpuck,42.339054555,-71.0844596067,4.252,328285.869074,4689526.4238,19,T,5
1582847692776824981,74,1582847692773525238,GNSSpuck,42.3390548317,-71.0844608967,3.979,328285.763554,4689526.45713,19,T,5
1582847693763252536,75,1582847693760281324,GNSSpuck,42.33905504,-71.0844621217,3.634,328285.663204,4689526.48274,19,T,5
1582847694788425110,76,1582847694785148143,GNSSpuck,42.339056675,-71.0844621167,3.531,328285.668067,4689526.66428,19,T,5
1582847695757744238,77,1582847695757092237,GNSSpuck,42.3390578083,-71.0844623717,3.393,328285.650144,4689526.79065,19,T,5
1582847696769363879,78,1582847696766867399,GNSSpuck,42.3390594367,-71.0844623017,3.297,328285.660343,4689526.97132,19,T,5
1582847697768301284,79,1582847697765244007,GNSSpuck,42.339060985,-71.08446237,3.227,328285.658929,4689527.14339,19,T,5
1582847698784722482,80,1582847698781385183,GNSSpuck,42.3390624767,-71.0844625083,3.114,328285.651593,4689527.3093,19,T,5
1582847699751352402,81,1582847699750494003,GNSSpuck,42.3390641617,-71.0844618133,3.226,328285.713435,4689527.49501,19,T,5
1582847700768374034,82,1582847700765311002,GNSSpuck,42.3390655767,-71.0844615433,3.281,328285.73953,4689527.65159,19,T,5
1582847701761645559,83,1582847701759540557,GNSSpuck,42.33906646,-71.08446147,3.325,328285.747976,4689527.74953,19,T,5
1582847702780111857,84,1582847702776300191,GNSSpuck,42.33906736,-71.0844618083,3.28,328285.722553,4689527.85015,19,T,5
1582847703763284321,85,1582847703758922815,GNSSpuck,42.3390682283,-71.0844624,3.21,328285.676174,4689527.94776,19,T,5
1582847704778353869,86,1582847704775159120,GNSSpuck,42.3390690783,-71.0844630833,3.049,328285.622194,4689528.04353,19,T,5
1582847705762355283,87,1582847705761668443,GNSSpuck,42.3390696967,-71.0844636717,2.875,328285.575409,4689528.11338,19,T,5
1582847706771831026,88,1582847706768029928,GNSSpuck,42.3390703717,-71.0844641183,2.708,328285.540449,4689528.18924,19,T,5
1582847707759524123,89,1582847707757116079,GNSSpuck,42.3390707183,-71.0844646167,2.469,328285.50034,4689528.22874,19,T,5
1582847708770563828,90,1582847708768588304,GNSSpuck,42.3390711083,-71.0844649167,2.311,328285.476687,4689528.27265,19,T,5
1582847709766411936,91,1582847709763266324,GNSSpuck,42.33907148,-71.0844650133,2.158,328285.469735,4689528.31411,19,T,5
1582847710775790217,92,1582847710773634195,GNSSpuck,42.33907148,-71.08446503,2.011,328285.468362,4689528.31415,19,T,5
1582847711757531961,93,1582847711755144357,GNSSpuck,42.33907166,-71.0844650067,1.763,328285.470774,4689528.33409,19,T,5
1582847712774308963,94,1582847712770797491,GNSSpuck,42.339071605,-71.0844648733,1.588,328285.481608,4689528.32771,19,T,5
1582847713764451959,95,1582847713762131214,GNSSpuck,42.339071585,-71.08446453,1.533,328285.509838,4689528.3248,19,T,5
1582847714776775241,96,1582847714773994922,GNSSpuck,42.339071005,-71.084464555,1.541,328285.5062,4689528.26044,19,T,5
1582847715760681926,97,1582847715758179903,GNSSpuck,42.3390706917,-71.0844643167,1.555,328285.524981,4689528.22517,19,T,5
1582847716771833013,98,1582847716769602060,GNSSpuck,42.33907002,-71.0844642533,1.568,328285.528371,4689528.15046,19,T,5
1582847717772028933,99,1582847717768853902,GNSSpuck,42.3390691883,-71.0844642833,1.522,328285.523635,4689528.05817,19,T,5
1582847718776886712,100,1582847718774046182,GNSSpuck,42.339068555,-71.0844644783,1.522,328285.505847,4689527.98824,19,T,5
1582847719772458654,101,1582847719769425153,GNSSpuck,42.3390678033,-71.08446473,1.499,328285.483068,4689527.90528,19,T,5
1582847720775155495,102,1582847720772309541,GNSSpuck,42.3390669533,-71.08446487,1.529,328285.469221,4689527.81117,19,T,5
1582847721765984009,103,1582847721763763666,GNSSpuck,42.3390661367,-71.0844651533,1.654,328285.443656,4689527.72106,19,T,5
1582847722769374495,104,1582847722768851995,GNSSpuck,42.3390650367,-71.0844657767,1.701,328285.389311,4689527.60017,19,T,5
1582847723759500310,105,1582847723757195949,GNSSpuck,42.33906389,-71.0844664583,1.745,328285.330033,4689527.47422,19,T,5
1582847724775251863,106,1582847724774535417,GNSSpuck,42.3390630933,-71.0844670167,1.796,328285.281868,4689527.38689,19,T,5
1582847725770059294,107,1582847725766157388,GNSSpuck,42.3390624667,-71.0844670717,1.993,328285.275631,4689527.31741,19,T,5
1582847726781236985,108,1582847726778032302,GNSSpuck,42.339062155,-71.0844672067,2.058,328285.263661,4689527.28307,19,T,5
1582847727771976675,109,1582847727767987966,GNSSpuck,42.3390618467,-71.084467365,2.13,328285.249778,4689527.24916,19,T,5
1582847728777468722,110,1582847728773952484,GNSSpuck,42.3390619717,-71.0844673633,2.233,328285.250255,4689527.26303,19,T,5
1582847729762093108,111,1582847729758542299,GNSSpuck,42.339062035,-71.0844675483,2.285,328285.235187,4689527.27044,19,T,5
1582847730783345326,112,1582847730780315160,GNSSpuck,42.3390620767,-71.0844677033,2.335,328285.222531,4689527.27538,19,T,5
1582847731771419525,113,1582847731768281698,GNSSpuck,42.3390629267,-71.0844676433,2.385,328285.229788,4689527.36964,19,T,5
1582847732780084066,114,1582847732777069330,GNSSpuck,42.339063685,-71.08446757,2.381,328285.237894,4689527.4537,19,T,5
1582847733800422143,115,1582847733797864675,GNSSpuck,42.339064235,-71.0844676333,2.352,328285.234173,4689527.5149,19,T,5
1582847734783889195,116,1582847734779470682,GNSSpuck,42.3390646417,-71.0844674317,2.349,328285.251894,4689527.55965,19,T,5
1582847735776079750,117,1582847735771919727,GNSSpuck,42.3390648483,-71.0844671517,2.34,328285.275523,4689527.58204,19,T,5
1582847736786313023,118,1582847736782388448,GNSSpuck,42.3390647967,-71.08446687,2.309,328285.298587,4689527.57573,19,T,5
1582847737769805244,119,1582847737766234397,GNSSpuck,42.339064675,-71.08446659,2.273,328285.321323,4689527.56166,19,T,5
1582847738774636955,120,1582847738771979808,GNSSpuck,42.3390644633,-71.0844663017,2.239,328285.3445,4689527.53757,19,T,5
1582847739770790859,121,1582847739767658233,GNSSpuck,42.3390642933,-71.0844660283,2.21,328285.366555,4689527.51814,19,T,5
1582847740785837047,122,1582847740782213449,GNSSpuck,42.3390643033,-71.0844657633,2.176,328285.388413,4689527.51872,19,T,5
1582847741768373951,123,1582847741765439033,GNSSpuck,42.3390642167,-71.0844654,2.258,328285.418109,4689527.50836,19,T,5
1582847742776712449,124,1582847742773306846,GNSSpuck,42.3390639367,-71.0844652767,2.219,328285.427507,4689527.47702,19,T,5
1582847743773342255,125,1582847743771656990,GNSSpuck,42.33906373,-71.0844652333,2.2,328285.430515,4689527.45398,19,T,5
1582847744790127577,126,1582847744784639120,GNSSpuck,42.339063655,-71.08446507,2.209,328285.443766,4689527.44532,19,T,5
1582847745772592887,127,1582847745769944429,GNSSpuck,42.33906341,-71.08446526,2.136,328285.427447,4689527.4185,19,T,5
1582847746784888391,128,1582847746781674861,GNSSpuck,42.339063295,-71.084465415,2.123,328285.414365,4689527.40604,19,T,5
1582847747773474147,129,1582847747770313501,GNSSpuck,42.3390634917,-71.08446537,2.172,328285.418607,4689527.42779,19,T,5
1582847748782464321,130,1582847748779417514,GNSSpuck,42.3390633617,-71.0844655117,2.129,328285.406582,4689527.41364,19,T,5
1582847749768582536,131,1582847749766227722,GNSSpuck,42.3390631617,-71.084465725,2.043,328285.388463,4689527.39186,19,T,5
1582847750786553182,132,1582847750783561229,GNSSpuck,42.339063075,-71.0844658817,2.001,328285.375321,4689527.38256,19,T,5
1582847751764390628,133,1582847751762727737,GNSSpuck,42.3390629233,-71.0844660083,1.951,328285.364473,4689527.36597,19,T,5
1582847752779078243,134,1582847752777753353,GNSSpuck,42.3390627617,-71.0844661367,1.894,328285.353461,4689527.34828,19,T,5
1582847753775022663,135,1582847753771565198,GNSSpuck,42.3390626967,-71.08446612,1.875,328285.354657,4689527.34103,19,T,5
1582847754784741294,136,1582847754783143281,GNSSpuck,42.339062585,-71.0844661267,1.846,328285.353804,4689527.32864,19,T,5
1582847755767155753,137,1582847755765362977,GNSSpuck,42.3390624717,-71.0844662317,1.806,328285.344845,4689527.31627,19,T,5
1582847756782703889,138,1582847756780888557,GNSSpuck,42.339062315,-71.0844663517,1.778,328285.334533,4689527.29911,19,T,5
1582847757765880381,139,1582847757764419317,GNSSpuck,42.339062145,-71.08446658,1.747,328285.315259,4689527.2807,19,T,5
1582847758791482420,140,1582847758787914991,GNSSpuck,42.339062165,-71.0844666667,1.768,328285.308174,4689527.28309,19,T,5
1582847759767656764,141,1582847759764985799,GNSSpuck,42.33906229,-71.0844668217,1.754,328285.295745,4689527.29729,19,T,5
1582847760777091416,142,1582847760773225545,GNSSpuck,42.3390623833,-71.0844669683,1.761,328285.283917,4689527.30795,19,T,5
1582847761773429384,143,1582847761771410703,GNSSpuck,42.33906232,-71.0844669033,1.743,328285.289099,4689527.30078,19,T,5
1582847762778964874,144,1582847762778190135,GNSSpuck,42.3390623067,-71.0844667683,1.71,328285.300184,4689527.29903,19,T,5
1582847763762459212,145,1582847763761121034,GNSSpuck,42.3390623233,-71.084466605,1.67,328285.313685,4689527.30055,19,T,5
1582847764787187425,146,1582847764784919023,GNSSpuck,42.3390622917,-71.0844665267,1.63,328285.320052,4689527.29688,19,T,5
1582847765770614544,147,1582847765767233610,GNSSpuck,42.3390623367,-71.0844663867,1.549,328285.331708,4689527.30159,19,T,5
1582847766787192424,148,1582847766785094738,GNSSpuck,42.3390623017,-71.08446623,1.484,328285.34452,4689527.29739,19,T,5
1582847767768234005,149,1582847767765260457,GNSSpuck,42.3390623333,-71.0844660783,1.439,328285.3571,4689527.3006,19,T,5
1582847768782772229,150,1582847768780373811,GNSSpuck,42.3390622867,-71.0844659283,1.425,328285.369331,4689527.29511,19,T,5
1582847769764506599,151,1582847769762343406,GNSSpuck,42.3390624917,-71.0844658283,1.45,328285.378127,4689527.31767,19,T,5
1582847770822285355,152,1582847770819514989,GNSSpuck,42.33906266,-71.0844656617,1.474,328285.392315,4689527.33603,19,T,5
1582847771771189957,153,1582847771767947673,GNSSpuck,42.3390628667,-71.0844658467,1.447,328285.377637,4689527.35935,19,T,5
1582847772807692908,154,1582847772806140661,GNSSpuck,42.3390629117,-71.0844660517,1.437,328285.360871,4689527.36476,19,T,5
1582847773776100597,155,1582847773772256612,GNSSpuck,42.3390629583,-71.0844663683,1.435,328285.334911,4689527.37058,19,T,5
1582847774790861195,156,1582847774787495613,GNSSpuck,42.3390629183,-71.0844669433,1.458,328285.287433,4689527.3673,19,T,5
1582847775774129394,157,1582847775770380973,GNSSpuck,42.33906282,-71.0844671767,1.457,328285.267943,4689527.35686,19,T,5
1582847776777057416,158,1582847776772975921,GNSSpuck,42.3390626617,-71.084467335,1.452,328285.254468,4689527.33959,19,T,5
1582847777771338289,159,1582847777767930269,GNSSpuck,42.339062565,-71.08446764,1.453,328285.229078,4689527.32948,19,T,5
1582847778775727590,160,1582847778775186538,GNSSpuck,42.3390624167,-71.0844681467,1.458,328285.186934,4689527.31403,19,T,5
1582847779775223438,161,1582847779772805213,GNSSpuck,42.339062565,-71.08446854,1.479,328285.154935,4689527.33129,19,T,5
1582847780767785151,162,1582847780767591953,GNSSpuck,42.3390625317,-71.084468935,1.489,328285.122303,4689527.32839,19,T,5
1582847781771343818,163,1582847781769603252,GNSSpuck,42.339062695,-71.08446935,1.507,328285.088559,4689527.34737,19,T,5
1582847782783915908,164,1582847782783506393,GNSSpuck,42.3390626667,-71.0844697983,1.514,328285.051548,4689527.34512,19,T,5
1582847783773086241,165,1582847783770311594,GNSSpuck,42.33906267,-71.08447006,1.52,328285.03,4689527.34602,19,T,5
1582847784791171399,166,1582847784787815570,GNSSpuck,42.3390626283,-71.0844703783,1.526,328285.003662,4689527.34204,19,T,5
1582847785765708757,167,1582847785763014078,GNSSpuck,42.3390625867,-71.0844706617,1.535,328284.980207,4689527.33798,19,T,5
1582847786781868230,168,1582847786779274702,GNSSpuck,42.3390626283,-71.0844709567,1.539,328284.956018,4689527.34321,19,T,5
1582847787769637301,169,1582847787767429828,GNSSpuck,42.3390625933,-71.0844711583,1.547,328284.939309,4689527.33973,19,T,5
1582847788784132182,170,1582847788781809091,GNSSpuck,42.3390626217,-71.0844712933,1.549,328284.928265,4689527.34315,19,T,5
1582847789774757777,171,1582847789771398544,GNSSpuck,42.3390626683,-71.08447143,1.549,328284.917133,4689527.3486,19,T,5
1582847790788926092,172,1582847790785466194,GNSSpuck,42.3390625417,-71.084471355,1.586,328284.922967,4689527.33439,19,T,5
1582847791767834403,173,1582847791767275094,GNSSpuck,42.339062515,-71.0844712633,1.593,328284.930446,4689527.33124,19,T,5
1582847792782305011,174,1582847792781746864,GNSSpuck,42.33906236,-71.0844712833,1.598,328284.928376,4689527.31407,19,T,5
1582847793769496317,175,1582847793765249490,GNSSpuck,42.33906225,-71.0844711433,1.614,328284.93961,4689527.30157,19,T,5
1582847794778340019,176,1582847794775881290,GNSSpuck,42.3390622717,-71.084471095,1.564,328284.943651,4689527.30388,19,T,5
1582847795795540605,177,1582847795793154716,GNSSpuck,42.339062285,-71.0844708583,1.57,328284.963184,4689527.30488,19,T,5
1582847796777394373,178,1582847796775179862,GNSSpuck,42.3390623767,-71.0844706667,1.569,328284.979224,4689527.31468,19,T,5
1582847797775669758,179,1582847797773412466,GNSSpuck,42.3390624217,-71.0844704533,1.566,328284.996921,4689527.31924,19,T,5
1582847798790933855,180,1582847798787429332,GNSSpuck,42.3390625233,-71.0844702767,1.575,328285.011752,4689527.33017,19,T,5
1582847799771429178,181,1582847799767792463,GNSSpuck,42.3390625467,-71.0844701083,1.57,328285.025683,4689527.33243,19,T,5
1582847800783057935,182,1582847800780375957,GNSSpuck,42.3390625967,-71.0844699017,1.576,328285.042845,4689527.33756,19,T,5
1582847801772325565,183,1582847801769229650,GNSSpuck,42.339062595,-71.084469795,1.581,328285.051627,4689527.33716,19,T,5
1582847802784916509,184,1582847802781547069,GNSSpuck,42.3390625583,-71.0844696817,1.584,328285.060864,4689527.33286,19,T,5
1582847803772263977,185,1582847803769146680,GNSSpuck,42.3390626133,-71.0844695933,1.577,328285.068291,4689527.33879,19,T,5
1582847804790435303,186,1582847804786942005,GNSSpuck,42.3390626183,-71.0844695367,1.572,328285.072973,4689527.33923,19,T,5
1582847805773429387,187,1582847805770067214,GNSSpuck,42.33906263,-71.0844694183,1.554,328285.082753,4689527.34029,19,T,5
1582847806774305659,188,1582847806771494388,GNSSpuck,42.33906268,-71.0844693283,1.555,328285.090304,4689527.34566,19,T,5
1582847807763988845,189,1582847807762494325,GNSSpuck,42.3390627433,-71.0844692433,1.562,328285.097478,4689527.35252,19,T,5
1582847808781363185,190,1582847808777938127,GNSSpuck,42.33906286,-71.0844665117,2.306,328285.322835,4689527.35996,19,T,4
1582847809769865546,191,1582847809766810894,GNSSpuck,42.339062895,-71.084466525,2.304,328285.321832,4689527.36387,19,T,4
1582847810786255118,192,1582847810783753871,GNSSpuck,42.33906288,-71.0844666117,2.31,328285.314651,4689527.36238,19,T,4
1582847811772879863,193,1582847811772525072,GNSSpuck,42.339062985,-71.0844664133,2.32,328285.331276,4689527.37364,19,T,4
1582847812783269919,194,1582847812780721187,GNSSpuck,42.3390628767,-71.0844664267,2.317,328285.329883,4689527.36163,19,T,4
1582847813770889163,195,1582847813766939878,GNSSpuck,42.339062885,-71.084466475,2.324,328285.325924,4689527.36266,19,T,4
1582847814819522292,196,1582847814816823244,GNSSpuck,42.3390628983,-71.0844665333,2.315,328285.321155,4689527.36426,19,T,4
1582847815772703993,197,1582847815769328117,GNSSpuck,42.3390629083,-71.0844665967,2.309,328285.315964,4689527.36549,19,T,4
1582847816778807593,198,1582847816775351524,GNSSpuck,42.339062915,-71.0844665633,2.318,328285.318729,4689527.36617,19,T,4
1582847817776040348,199,1582847817772661685,GNSSpuck,42.3390628917,-71.0844665733,2.317,328285.317841,4689527.3636,19,T,4
1582847818788429868,200,1582847818785135507,GNSSpuck,42.3390629283,-71.084466575,2.308,328285.317804,4689527.36767,19,T,4
1582847819765458291,201,1582847819764597415,GNSSpuck,42.33906295,-71.08446657,2.318,328285.318275,4689527.37007,19,T,4
1582847820822949220,202,1582847820819619655,GNSSpuck,42.3390629083,-71.0844665667,2.323,328285.318436,4689527.36543,19,T,4
1582847821771269856,203,1582847821769255161,GNSSpuck,42.3390629433,-71.0844665533,2.323,328285.319629,4689527.36929,19,T,4
1582847822787409541,204,1582847822784491777,GNSSpuck,42.3390628683,-71.084466715,2.293,328285.306107,4689527.36129,19,T,4
1582847823764917211,205,1582847823764404058,GNSSpuck,42.3390628333,-71.0844667133,2.295,328285.306149,4689527.3574,19,T,4
1582847824775709921,206,1582847824773430585,GNSSpuck,42.3390628167,-71.0844667267,2.293,328285.305005,4689527.35558,19,T,4
1582847825770434044,207,1582847825770049571,GNSSpuck,42.3390632217,-71.0844715117,1.458,328284.911911,4689527.41021,19,T,5
1582847826786997255,208,1582847826783793210,GNSSpuck,42.339063315,-71.0844715583,1.462,328284.908321,4689527.42067,19,T,5
1582847827767316080,209,1582847827766222476,GNSSpuck,42.3390628483,-71.08446673,2.294,328285.304817,4689527.3591,19,T,4
1582847828807340726,210,1582847828806497573,GNSSpuck,42.3390629383,-71.084466705,2.293,328285.307121,4689527.36904,19,T,4
1582847829806596482,211,1582847829803216695,GNSSpuck,42.3390628783,-71.0844667,2.292,328285.30737,4689527.36237,19,T,4
1582847830826404567,212,1582847830825381278,GNSSpuck,42.3390628617,-71.08447217,1.407,328284.856697,4689527.37157,19,T,5
1582847831780140506,213,1582847831776601314,GNSSpuck,42.339062825,-71.0844666983,2.299,328285.307362,4689527.35645,19,T,4
1582847832789551558,214,1582847832787336111,GNSSpuck,42.3390629167,-71.0844665717,2.324,328285.318047,4689527.36637,19,T,4
1582847833771600658,215,1582847833768081665,GNSSpuck,42.3390628633,-71.0844665367,2.334,328285.320785,4689527.36038,19,T,4
1582847834774547094,216,1582847834773068904,GNSSpuck,42.3390628867,-71.0844665767,2.324,328285.317553,4689527.36305,19,T,4
1582847835771546045,217,1582847835767731189,GNSSpuck,42.33906291,-71.084466565,2.325,328285.318578,4689527.36562,19,T,4
1582847836807809399,218,1582847836803824424,GNSSpuck,42.3390629867,-71.0844665417,2.325,328285.320709,4689527.37408,19,T,4
1582847837760770430,219,1582847837759449958,GNSSpuck,42.3390629767,-71.0844716317,1.502,328284.901359,4689527.38325,19,T,5
1582847838775139445,220,1582847838773350477,GNSSpuck,42.3390629,-71.0844665567,2.305,328285.319237,4689527.36449,19,T,4
1582847839769111235,221,1582847839765568971,GNSSpuck,42.3390628483,-71.0844665467,2.308,328285.31992,4689527.35873,19,T,4
1582847840785198365,222,1582847840781643867,GNSSpuck,42.3390628783,-71.0844665483,2.316,328285.319864,4689527.36207,19,T,4
1582847841767227227,223,1582847841766973733,GNSSpuck,42.3390628783,-71.0844665467,2.312,328285.320002,4689527.36206,19,T,4
1582847842772509114,224,1582847842771186351,GNSSpuck,42.3390629433,-71.0844665833,2.309,328285.317158,4689527.36935,19,T,4
1582847843771865662,225,1582847843769979953,GNSSpuck,42.3390629283,-71.0844665417,2.327,328285.32055,4689527.3676,19,T,4
1582847844791027219,226,1582847844788352727,GNSSpuck,42.339062985,-71.0844665267,2.314,328285.32194,4689527.37387,19,T,4
1582847845770215475,227,1582847845769943952,GNSSpuck,42.339062925,-71.084466525,2.332,328285.321914,4689527.3672,19,T,4
1582847846785053529,228,1582847846782349586,GNSSpuck,42.33906296,-71.0844664633,2.332,328285.327089,4689527.37096,19,T,4
1582847847780146474,229,1582847847776808977,GNSSpuck,42.339062945,-71.08446657,2.31,328285.318261,4689527.36951,19,T,4
1582847848774881930,230,1582847848774442195,GNSSpuck,42.3390630767,-71.0844665517,2.317,328285.32013,4689527.3841,19,T,4
1582847849771509125,231,1582847849768110513,GNSSpuck,42.339063025,-71.0844665333,2.318,328285.321499,4689527.37832,19,T,4
1582847850780301873,232,1582847850777616977,GNSSpuck,42.339063,-71.0844666333,2.301,328285.313193,4689527.37575,19,T,4
1582847851789928427,233,1582847851788487672,GNSSpuck,42.3390629617,-71.0844665017,2.33,328285.323936,4689527.37122,19,T,4
1582847852774052154,234,1582847852772718429,GNSSpuck,42.3390629717,-71.0844665383,2.32,328285.320942,4689527.37241,19,T,4
1582847853768960085,235,1582847853768664121,GNSSpuck,42.3390628983,-71.084466575,2.312,328285.317722,4689527.36434,19,T,4
1582847854767513019,236,1582847854766423463,GNSSpuck,42.3390629133,-71.0844664967,2.319,328285.324216,4689527.36585,19,T,4
1582847855763270272,237,1582847855763078212,GNSSpuck,42.3390629567,-71.08446638,2.335,328285.333945,4689527.37042,19,T,4
1582847856783013822,238,1582847856779486417,GNSSpuck,42.3390630067,-71.0844664883,2.324,328285.325157,4689527.37619,19,T,4
1582847857767199802,239,1582847857765185594,GNSSpuck,42.3390629267,-71.0844664583,2.326,328285.32741,4689527.36725,19,T,4
1582847858781857011,240,1582847858781128644,GNSSpuck,42.3390624567,-71.0844712417,1.492,328284.932072,4689527.32472,19,T,5
1582847859770385299,241,1582847859768511533,GNSSpuck,42.339062865,-71.0844665017,2.318,328285.323673,4689527.36049,19,T,4
1582847860782401104,242,1582847860781573772,GNSSpuck,42.3390623867,-71.0844711167,1.541,328284.942179,4689527.3167,19,T,5
1582847861752896295,243,1582847861751418828,GNSSpuck,42.3390548733,-71.08447463,0.926,328284.632293,4689526.48949,19,T,5
1582847862765759423,244,1582847862763870477,GNSSpuck,42.3390564867,-71.084475345,1.176,328284.577782,4689526.67008,19,T,5
1582847863776360385,245,1582847863775058269,GNSSpuck,42.339054075,-71.0845096667,0.789,328281.74374,4689526.4716,19,T,5
1582847864789979821,246,1582847864786849260,GNSSpuck,42.3390411033,-71.0844948617,2.742,328282.928091,4689525.0013,19,T,5
1582847865761520325,247,1582847865761041879,GNSSpuck,42.3390482733,-71.08449909,2.08,328282.599271,4689525.80601,19,T,5
1582847866775864510,248,1582847866773194551,GNSSpuck,42.339048,-71.0844975833,1.813,328282.722649,4689525.77262,19,T,5
1582847867757278616,249,1582847867754409551,GNSSpuck,42.3390476883,-71.08449554,1.879,328282.890133,4689525.73388,19,T,5
1582847868777808913,250,1582847868775269985,GNSSpuck,42.339052055,-71.0844944267,1.886,328282.993738,4689526.21652,19,T,5
1582847869745467839,251,1582847869745231866,GNSSpuck,42.33905338,-71.0844927133,2.146,328283.138492,4689526.36019,19,T,5
1582847870775128439,252,1582847870774669885,GNSSpuck,42.339057095,-71.0844916517,2.517,328283.236067,4689526.77057,19,T,5
1582847871751407857,253,1582847871750151872,GNSSpuck,42.3390611783,-71.0844909183,2.963,328283.307596,4689527.22251,19,T,5
1582847872772077243,254,1582847872771642684,GNSSpuck,42.3390646,-71.0844907117,3.294,328283.333935,4689527.60204,19,T,5
1582847873759642513,255,1582847873754946470,GNSSpuck,42.3390634817,-71.084490845,3.532,328283.319907,4689527.47813,19,T,5
1582847874777847687,256,1582847874774461746,GNSSpuck,42.33906219,-71.0844913283,3.524,328283.276573,4689527.33567,19,T,5
1582847875758981382,257,1582847875757643222,GNSSpuck,42.339061195,-71.08449223,3.447,328283.199584,4689527.22701,19,T,5
1582847876763341034,258,1582847876761509418,GNSSpuck,42.3390598983,-71.0844928,3.427,328283.149096,4689527.08417,19,T,5
1582847877758956006,259,1582847877757365703,GNSSpuck,42.3390592133,-71.0844931733,3.516,328283.116476,4689527.00886,19,T,5
1582847878777645242,260,1582847878774718046,GNSSpuck,42.339058635,-71.0844934933,3.567,328283.08854,4689526.94529,19,T,5
1582847879760359996,261,1582847879756839990,GNSSpuck,42.3390580933,-71.08449353,3.584,328283.084044,4689526.88522,19,T,5
1582847880772522907,262,1582847880769570589,GNSSpuck,42.3390576583,-71.084493525,3.653,328283.083272,4689526.8369,19,T,5
1582847881768493380,263,1582847881765255212,GNSSpuck,42.33905719,-71.0844932683,3.747,328283.103142,4689526.78438,19,T,5
1582847882783276468,264,1582847882782191753,GNSSpuck,42.3390653767,-71.0844234017,2.183,328288.881159,4689527.55235,19,T,5
1582847883751685448,265,1582847883750490903,GNSSpuck,42.3390625167,-71.0845133933,-2.258,328281.459711,4689527.41651,19,T,5
1582847884772801905,266,1582847884769683361,GNSSpuck,42.339061765,-71.084519755,-4.906,328280.93358,4689527.34589,19,T,5
1582847885751135429,267,1582847885749351501,GNSSpuck,42.3390621267,-71.084523205,-6.434,328280.650348,4689527.39302,19,T,5
1582847886763167004,268,1582847886762867212,GNSSpuck,42.3390637967,-71.0845244233,-7.142,328280.554525,4689527.58092,19,T,5
1582847887758045344,269,1582847887756853103,GNSSpuck,42.3390649967,-71.0845248883,-7.511,328280.519484,4689527.71511,19,T,5
1582847888791188482,270,1582847888790181636,GNSSpuck,42.3390666483,-71.0844776683,2.936,328284.414043,4689527.80315,19,T,5
1582847889764577220,271,1582847889761230945,GNSSpuck,42.3390639783,-71.0844817633,-0.715,328284.069422,4689527.51494,19,T,5
1582847890775988665,272,1582847890773168802,GNSSpuck,42.33906506,-71.0844769383,-0.2,328284.469858,4689527.62531,19,T,5
1582847891813317795,273,1582847891809757947,GNSSpuck,42.3390661983,-71.08447212,0.689,328284.869899,4689527.74198,19,T,5
1582847892771649031,274,1582847892768955945,GNSSpuck,42.3390664183,-71.08446918,1.282,328285.1127,4689527.76047,19,T,5
1582847893759405678,275,1582847893757655858,GNSSpuck,42.3390667933,-71.0844670633,1.594,328285.288095,4689527.79784,19,T,5
1582847894782809259,276,1582847894780416250,GNSSpuck,42.339041415,-71.0844761017,-1.507,328284.47442,4689524.99802,19,T,5
1582847895756898192,277,1582847895755550384,GNSSpuck,42.33904216,-71.0844753633,-1.356,328284.537273,4689525.07925,19,T,5
1582847896816521038,278,1582847896813966274,GNSSpuck,42.33904301,-71.08447508,-1.214,328284.562928,4689525.17307,19,T,5
1582847897761260429,279,1582847897757904291,GNSSpuck,42.339044025,-71.0844754133,-1.061,328284.53823,4689525.28645,19,T,5
1582847898767418576,280,1582847898766177654,GNSSpuck,42.3390451183,-71.08447632,-0.935,328284.466514,4689525.40969,19,T,5
1582847899764680511,281,1582847899762071847,GNSSpuck,42.3390459867,-71.0844770933,-0.799,328284.405169,4689525.50767,19,T,5
1582847900778262452,282,1582847900773768424,GNSSpuck,42.3390469467,-71.0844779083,-0.685,328284.340641,4689525.61592,19,T,5
1582847901752590794,283,1582847901751229286,GNSSpuck,42.3390473833,-71.0844788833,-0.573,328284.261508,4689525.66637,19,T,5
1582847902776260619,284,1582847902772793292,GNSSpuck,42.339047725,-71.0844790867,-0.278,328284.245687,4689525.70472,19,T,5
1582847903751113929,285,1582847903749930143,GNSSpuck,42.339048305,-71.0844788567,0.088,328284.266213,4689525.76866,19,T,5
1582847904769936525,286,1582847904768258333,GNSSpuck,42.3390480467,-71.08447871,0.355,328284.277593,4689525.73968,19,T,5
1582847905759089755,287,1582847905758938074,GNSSpuck,42.3390482217,-71.0844783733,0.715,328284.305804,4689525.75843,19,T,5
1582847906775270300,288,1582847906771159410,GNSSpuck,42.33904802,-71.084477985,0.892,328284.337247,4689525.73526,19,T,5
1582847907770667831,289,1582847907767030000,GNSSpuck,42.33904773,-71.0844772317,1.098,328284.398518,4689525.70153,19,T,5
1582847908766813139,290,1582847908765249490,GNSSpuck,42.3390477,-71.0844762133,1.224,328284.482329,4689525.69615,19,T,5
1582847909763352715,291,1582847909760679244,GNSSpuck,42.3390477767,-71.084475175,1.331,328284.568077,4689525.70256,19,T,5
1582847910783989445,292,1582847910781520843,GNSSpuck,42.3390476717,-71.0844741967,1.396,328284.648388,4689525.68893,19,T,5
1582847911762441922,293,1582847911760115861,GNSSpuck,42.3390475867,-71.0844732,1.447,328284.730264,4689525.67748,19,T,5
1582847912773762684,294,1582847912770533084,GNSSpuck,42.339047505,-71.0844723633,1.469,328284.798967,4689525.66672,19,T,5
1582847913759076439,295,1582847913757539749,GNSSpuck,42.3390475167,-71.0844716217,1.498,328284.860099,4689525.66651,19,T,5
1582847914763947867,296,1582847914762398958,GNSSpuck,42.3390474083,-71.084471025,1.521,328284.908958,4689525.65328,19,T,5
1582847915759015770,297,1582847915758664846,GNSSpuck,42.3390474583,-71.0844704133,1.505,328284.959485,4689525.6576,19,T,5
1582847916774664597,298,1582847916772305727,GNSSpuck,42.3390476867,-71.0844698967,1.532,328285.00267,4689525.68191,19,T,5
1582847917761284502,299,1582847917758585453,GNSSpuck,42.3390480633,-71.0844694983,1.555,328285.036511,4689525.72293,19,T,5
1582847918774147793,300,1582847918773660898,GNSSpuck,42.33904841,-71.0844691233,1.601,328285.068348,4689525.76067,19,T,5
1582847919753357923,301,1582847919752131700,GNSSpuck,42.339048805,-71.0844688783,1.642,328285.089606,4689525.80403,19,T,5
1582847920769590419,302,1582847920768408298,GNSSpuck,42.339049015,-71.0844686817,1.741,328285.10638,4689525.82696,19,T,5
1582847921753059738,303,1582847921751763343,GNSSpuck,42.3390492067,-71.0844686183,1.751,328285.112119,4689525.84811,19,T,5
1582847922777056947,304,1582847922774950504,GNSSpuck,42.3390496483,-71.08446868,1.788,328285.108241,4689525.89728,19,T,5
1582847923759758810,305,1582847923757893085,GNSSpuck,42.3390504017,-71.0844687783,1.847,328285.102191,4689525.98113,19,T,5
1582847924780330861,306,1582847924777190685,GNSSpuck,42.33906298,-71.0844665283,2.313,328285.321789,4689527.37331,19,T,4
1582847925767691645,307,1582847925766314506,GNSSpuck,42.3390628683,-71.084466565,2.305,328285.318464,4689527.36099,19,T,4
1582847926781268959,308,1582847926779965639,GNSSpuck,42.33906286,-71.084466545,2.304,328285.320089,4689527.36002,19,T,4
1582847927756905308,309,1582847927754946231,GNSSpuck,42.33906291,-71.084466545,2.315,328285.320225,4689527.36557,19,T,4
1582847928781071699,310,1582847928779064416,GNSSpuck,42.3390629283,-71.0844665617,2.317,328285.318902,4689527.36764,19,T,4
1582847929776901647,311,1582847929772444486,GNSSpuck,42.3390629383,-71.0844665483,2.322,328285.320028,4689527.36873,19,T,4
1582847930774298798,312,1582847930773139476,GNSSpuck,42.3390629633,-71.0844665417,2.322,328285.320645,4689527.37149,19,T,4
1582847931763260385,313,1582847931762139320,GNSSpuck,42.3390629633,-71.0844665467,2.323,328285.320233,4689527.3715,19,T,4
1582847932781484148,314,1582847932780059576,GNSSpuck,42.3390629733,-71.08446656,2.305,328285.319162,4689527.37264,19,T,4
1582847933765687886,315,1582847933764101028,GNSSpuck,42.3390629567,-71.0844665683,2.307,328285.31843,4689527.3708,19,T,4
1582847934780370324,316,1582847934780088424,GNSSpuck,42.3390629533,-71.0844665633,2.304,328285.318833,4689527.37042,19,T,4
1582847935770089546,317,1582847935766588687,GNSSpuck,42.33906298,-71.08446655,2.31,328285.320004,4689527.37336,19,T,4
1582847936805902136,318,1582847936804542303,GNSSpuck,42.3390629167,-71.084466565,2.305,328285.318596,4689527.36636,19,T,4
1582847937797889271,319,1582847937795619010,GNSSpuck,42.3390629333,-71.0844665633,2.304,328285.318778,4689527.3682,19,T,4
1582847938806672937,320,1582847938805200338,GNSSpuck,42.339062915,-71.0844665533,2.309,328285.319552,4689527.36615,19,T,4
1582847939758697620,321,1582847939757264852,GNSSpuck,42.3390629,-71.0844666033,2.306,328285.315392,4689527.36458,19,T,4
1582847940780076191,322,1582847940779872179,GNSSpuck,42.3390629067,-71.0844666233,2.301,328285.313763,4689527.36536,19,T,4
1582847941821266370,323,1582847941818270444,GNSSpuck,42.3390629283,-71.08446662,2.299,328285.314097,4689527.36776,19,T,4
1582847942828268648,324,1582847942828026533,GNSSpuck,42.3390629467,-71.0844666517,2.295,328285.311538,4689527.36986,19,T,4
1582847943814666491,325,1582847943812938213,GNSSpuck,42.3390629717,-71.0844666433,2.294,328285.312292,4689527.37262,19,T,4
1582847944818740326,326,1582847944817708730,GNSSpuck,42.3390629667,-71.084466555,2.306,328285.319556,4689527.37189,19,T,4
1582847945800283727,327,1582847945798816919,GNSSpuck,42.339062955,-71.08446657,2.309,328285.318288,4689527.37062,19,T,4
1582847946784797745,328,1582847946783509731,GNSSpuck,42.3390629283,-71.084466515,2.311,328285.322747,4689527.36755,19,T,4
1582847947765262267,329,1582847947763726949,GNSSpuck,42.33906292,-71.08446651,2.305,328285.323136,4689527.36661,19,T,4
1582847948778636480,330,1582847948778455495,GNSSpuck,42.3390629217,-71.084466535,2.297,328285.321081,4689527.36685,19,T,4
1582847949769441832,331,1582847949768238306,GNSSpuck,42.339062935,-71.08446651,2.297,328285.323177,4689527.36828,19,T,4
1582847950780171593,332,1582847950779431104,GNSSpuck,42.339062945,-71.08446653,2.302,328285.321556,4689527.36943,19,T,4
1582847951770307176,333,1582847951768772125,GNSSpuck,42.33906293,-71.08446655,2.295,328285.319868,4689527.36781,19,T,4
1582847952783299454,334,1582847952781784772,GNSSpuck,42.339062915,-71.0844665317,2.297,328285.321337,4689527.3661,19,T,4
1582847953776805041,335,1582847953774146318,GNSSpuck,42.3390629283,-71.08446651,2.299,328285.323159,4689527.36754,19,T,4
1582847954820790455,336,1582847954819699525,GNSSpuck,42.3390629367,-71.084466525,2.304,328285.321945,4689527.3685,19,T,4
1582847955814373801,337,1582847955814134597,GNSSpuck,42.339062955,-71.084466545,2.305,328285.320348,4689527.37057,19,T,4
1582847956824975737,338,1582847956821694374,GNSSpuck,42.3390629533,-71.0844665217,2.305,328285.322265,4689527.37034,19,T,4
1582847957814983144,339,1582847957813886165,GNSSpuck,42.3390629717,-71.0844664867,2.313,328285.325199,4689527.3723,19,T,4
1582847958787600154,340,1582847958785338163,GNSSpuck,42.3390629683,-71.084466485,2.311,328285.325327,4689527.37193,19,T,4
1582847959779684233,341,1582847959778971195,GNSSpuck,42.33906295,-71.08446647,2.307,328285.326513,4689527.36986,19,T,4
1582847960787923540,342,1582847960785017967,GNSSpuck,42.339062925,-71.0844664883,2.301,328285.324934,4689527.36713,19,T,4
1582847961771216224,343,1582847961770661592,GNSSpuck,42.3390629967,-71.08446645,2.301,328285.328287,4689527.37501,19,T,4
1582847962830831212,344,1582847962829583168,GNSSpuck,42.3390629967,-71.0844664483,2.294,328285.328425,4689527.375,19,T,4
1582847963815020166,345,1582847963814847469,GNSSpuck,42.3390629533,-71.0844664317,2.291,328285.32968,4689527.37016,19,T,4
1582847964830692738,346,1582847964829065322,GNSSpuck,42.3390629483,-71.08446647,2.285,328285.326508,4689527.36968,19,T,4
1582847965813037819,347,1582847965810968875,GNSSpuck,42.3390629533,-71.084466465,2.288,328285.326934,4689527.37022,19,T,4
1582847966827092072,348,1582847966825634241,GNSSpuck,42.3390628817,-71.084466545,2.305,328285.320148,4689527.36243,19,T,4
1582847967804458490,349,1582847967801252603,GNSSpuck,42.339062915,-71.0844665333,2.303,328285.3212,4689527.36611,19,T,4
1582847968809097433,350,1582847968807821273,GNSSpuck,42.3390628483,-71.0844665433,2.305,328285.320195,4689527.35872,19,T,4
1582847969827101022,351,1582847969822434902,GNSSpuck,42.3390628733,-71.0844665567,2.306,328285.319164,4689527.36153,19,T,4
1582847970780752392,352,1582847970777267932,GNSSpuck,42.3390628483,-71.0844665467,2.312,328285.31992,4689527.35873,19,T,4
1582847971769213206,353,1582847971765624284,GNSSpuck,42.3390628967,-71.084466575,2.319,328285.317717,4689527.36415,19,T,4
1582847972780739510,354,1582847972779222488,GNSSpuck,42.33906289,-71.0844665517,2.317,328285.319622,4689527.36337,19,T,4
1582847973770519129,355,1582847973769331216,GNSSpuck,42.3390630117,-71.0844665233,2.322,328285.322287,4689527.37682,19,T,4
1582847974781387719,356,1582847974780167341,GNSSpuck,42.3390629217,-71.084466585,2.31,328285.316962,4689527.36695,19,T,4
1582847975773032630,357,1582847975770624876,GNSSpuck,42.3390628483,-71.08446655,2.306,328285.319645,4689527.35874,19,T,4
1582847976856126238,358,1582847976854670524,GNSSpuck,42.3390628167,-71.08446659,2.313,328285.316264,4689527.3553,19,T,4
1582847977799241737,359,1582847977797460079,GNSSpuck,42.339062905,-71.0844665617,2.309,328285.318839,4689527.36505,19,T,4
1582847978818121268,360,1582847978813772439,GNSSpuck,42.3390629683,-71.0844665633,2.315,328285.318874,4689527.37209,19,T,4
1582847979811592076,361,1582847979810296297,GNSSpuck,42.33906286,-71.0844665783,2.3,328285.317343,4689527.36009,19,T,4
1582847980820030383,362,1582847980819668531,GNSSpuck,42.339062935,-71.0844665267,2.311,328285.321804,4689527.36831,19,T,4
1582847981802600250,363,1582847981801573991,GNSSpuck,42.3390629367,-71.0844665517,2.308,328285.319749,4689527.36855,19,T,4
1582847982825278771,364,1582847982822454929,GNSSpuck,42.3390629367,-71.0844665383,2.311,328285.320847,4689527.36852,19,T,4
1582847983798649149,365,1582847983797649621,GNSSpuck,42.3390629417,-71.084466555,2.307,328285.319488,4689527.36911,19,T,4
1582847984809946217,366,1582847984808471918,GNSSpuck,42.33906292,-71.084466565,2.309,328285.318605,4689527.36673,19,T,4
1582847985799678975,367,1582847985798460483,GNSSpuck,42.3390628767,-71.084466515,2.318,328285.322606,4689527.36181,19,T,4
1582847986824060346,368,1582847986823683500,GNSSpuck,42.33906287,-71.08446652,2.317,328285.322176,4689527.36108,19,T,4
1582847987808111860,369,1582847987807053089,GNSSpuck,42.3390629267,-71.0844664933,2.321,328285.324527,4689527.36732,19,T,4
1582847988815823691,370,1582847988815417051,GNSSpuck,42.339062945,-71.0844665333,2.31,328285.321282,4689527.36944,19,T,4
1582847989803337913,371,1582847989802206993,GNSSpuck,42.33906292,-71.0844665067,2.304,328285.32341,4689527.36661,19,T,4
1582847990822985779,372,1582847990819342613,GNSSpuck,42.3390629083,-71.0844665367,2.3,328285.320907,4689527.36537,19,T,4
1582847991802369730,373,1582847991801340818,GNSSpuck,42.3390629083,-71.084466515,2.312,328285.322692,4689527.36533,19,T,4
1582847992781757605,374,1582847992780399084,GNSSpuck,42.339062915,-71.084466465,2.32,328285.326829,4689527.36597,19,T,4
1582847993776007163,375,1582847993773872137,GNSSpuck,42.3390628867,-71.08446654,2.304,328285.320574,4689527.36297,19,T,4
1582847994808424644,376,1582847994806476354,GNSSpuck,42.3390628233,-71.0844665517,2.302,328285.31944,4689527.35596,19,T,4
1582847995800289982,377,1582847995799605131,GNSSpuck,42.3390628183,-71.0844665883,2.293,328285.316406,4689527.35548,19,T,4
1582847996815577223,378,1582847996812910795,GNSSpuck,42.33906285,-71.0844666033,2.293,328285.315256,4689527.35903,19,T,4
1582847997799377404,379,1582847997798248052,GNSSpuck,42.33906284,-71.08446659,2.294,328285.316328,4689527.35789,19,T,4
1582847998813568120,380,1582847998813271522,GNSSpuck,42.3390628583,-71.084466525,2.299,328285.321732,4689527.3598,19,T,4
1582847999796663129,381,1582847999795679330,GNSSpuck,42.3390628633,-71.0844665083,2.304,328285.323119,4689527.36032,19,T,4
1582848000819677578,382,1582848000816745758,GNSSpuck,42.3390628867,-71.0844665483,2.305,328285.319887,4689527.36299,19,T,4
1582848001807985626,383,1582848001805750846,GNSSpuck,42.3390628067,-71.08446653,2.311,328285.32118,4689527.35407,19,T,4
1582848002817823491,384,1582848002814405918,GNSSpuck,42.339062855,-71.08446658,2.305,328285.317192,4689527.35954,19,T,4
1582848003807229622,385,1582848003806946754,GNSSpuck,42.3390628633,-71.08446653,2.302,328285.321334,4689527.36036,19,T,4
1582848004823896734,386,1582848004821308851,GNSSpuck,42.3390629017,-71.0844665767,2.303,328285.317594,4689527.36471,19,T,4
1582848005765450105,387,1582848005763827800,GNSSpuck,42.33906292,-71.084466545,2.309,328285.320252,4689527.36669,19,T,4
1582848006794689690,388,1582848006789817810,GNSSpuck,42.33906295,-71.0844665683,2.308,328285.318412,4689527.37006,19,T,4
1582848007764093411,389,1582848007763895511,GNSSpuck,42.3390629383,-71.0844665967,2.313,328285.316046,4689527.36883,19,T,4
1582848008792617210,390,1582848008792126655,GNSSpuck,42.33906297,-71.0844666067,2.317,328285.315308,4689527.37236,19,T,4
1582848009758128378,391,1582848009757923841,GNSSpuck,42.3390629633,-71.0844666067,2.316,328285.31529,4689527.37162,19,T,4
1582848010818998644,392,1582848010817637681,GNSSpuck,42.3390629867,-71.0844666133,2.312,328285.314805,4689527.37423,19,T,4
1582848011772408789,393,1582848011768594264,GNSSpuck,42.3390630033,-71.0844666067,2.313,328285.315399,4689527.37606,19,T,4
1582848012784111656,394,1582848012783914566,GNSSpuck,42.339062975,-71.0844665267,2.313,328285.321913,4689527.37276,19,T,4
1582848013759202620,395,1582848013759032249,GNSSpuck,42.3390630033,-71.08446653,2.31,328285.321715,4689527.37591,19,T,4
1582848014782445419,396,1582848014781355381,GNSSpuck,42.3390629983,-71.0844665383,2.315,328285.321015,4689527.37537,19,T,4
1582848015768220964,397,1582848015766738414,GNSSpuck,42.3390629783,-71.08446656,2.318,328285.319176,4689527.37319,19,T,4
1582848016775915564,398,1582848016774732351,GNSSpuck,42.3390628917,-71.0844665683,2.301,328285.318253,4689527.36359,19,T,4
1582848017776493023,399,1582848017772958278,GNSSpuck,42.3390629167,-71.08446655,2.305,328285.319831,4689527.36633,19,T,4
1582848018781886047,400,1582848018779977560,GNSSpuck,42.339062905,-71.0844665283,2.303,328285.321585,4689527.36499,19,T,4
1582848019768032838,401,1582848019766448974,GNSSpuck,42.3390629133,-71.08446652,2.307,328285.322294,4689527.36589,19,T,4
1582848020828425638,402,1582848020826026916,GNSSpuck,42.3390628917,-71.08446654,2.305,328285.320587,4689527.36353,19,T,4
1582848021767179159,403,1582848021765780210,GNSSpuck,42.3390629283,-71.0844665317,2.308,328285.321374,4689527.36758,19,T,4
1582848022777587375,404,1582848022777330875,GNSSpuck,42.3390628633,-71.0844664983,2.317,328285.323943,4689527.3603,19,T,4
1582848023775902063,405,1582848023774699211,GNSSpuck,42.3390628817,-71.0844665017,2.309,328285.323718,4689527.36234,19,T,4
1582848024783109257,406,1582848024780286312,GNSSpuck,42.3390628433,-71.084466505,2.31,328285.323339,4689527.35809,19,T,4
1582848025769390150,407,1582848025767766714,GNSSpuck,42.3390629033,-71.0844665017,2.311,328285.323777,4689527.36475,19,T,4
1582848026777995238,408,1582848026775700330,GNSSpuck,42.3390628567,-71.0844665167,2.313,328285.322414,4689527.3596,19,T,4
1582848027769089778,409,1582848027767330646,GNSSpuck,42.3390628533,-71.084466505,2.308,328285.323366,4689527.3592,19,T,4
1582848028780291941,410,1582848028779096364,GNSSpuck,42.339062815,-71.0844665583,2.312,328285.318868,4689527.35505,19,T,4
1582848029763279681,411,1582848029763103485,GNSSpuck,42.3390628283,-71.0844665433,2.309,328285.32014,4689527.3565,19,T,4
1582848030779690493,412,1582848030777970314,GNSSpuck,42.3390628483,-71.0844665983,2.304,328285.315664,4689527.35883,19,T,4
1582848031771117125,413,1582848031769915342,GNSSpuck,42.33906282,-71.0844665933,2.305,328285.315998,4689527.35568,19,T,4
1582848032794989927,414,1582848032793620586,GNSSpuck,42.3390627933,-71.084466535,2.308,328285.320731,4689527.3526,19,T,4
1582848033773895787,415,1582848033771865844,GNSSpuck,42.3390628483,-71.08446656,2.307,328285.318822,4689527.35876,19,T,4
1582848034776968589,416,1582848034776727437,GNSSpuck,42.3390628217,-71.0844665383,2.306,328285.320534,4689527.35575,19,T,4
1582848035766659181,417,1582848035765071630,GNSSpuck,42.3390628667,-71.08446655,2.312,328285.319695,4689527.36077,19,T,4
1582848036785606902,418,1582848036783553600,GNSSpuck,42.3390629117,-71.0844665833,2.302,328285.317072,4689527.36584,19,T,4
1582848037767855289,419,1582848037766813755,GNSSpuck,42.3390629183,-71.0844665733,2.304,328285.317914,4689527.36656,19,T,4
1582848038790174190,420,1582848038786680459,GNSSpuck,42.3390629117,-71.0844665667,2.309,328285.318445,4689527.3658,19,T,4
1582848039763086616,421,1582848039761869907,GNSSpuck,42.3390628917,-71.0844666217,2.303,328285.313859,4689527.36369,19,T,4
1582848040775874540,422,1582848040773957490,GNSSpuck,42.3390629267,-71.0844666,2.304,328285.31574,4689527.36754,19,T,4
1582848041771987196,423,1582848041770822286,GNSSpuck,42.3390629033,-71.084466625,2.309,328285.313617,4689527.365,19,T,4
1582848042782065772,424,1582848042780997037,GNSSpuck,42.339062875,-71.084466605,2.32,328285.315187,4689527.36181,19,T,4
1582848043764607527,425,1582848043764376163,GNSSpuck,42.339062905,-71.084466595,2.312,328285.316093,4689527.36512,19,T,4
1582848044767891632,426,1582848044766330718,GNSSpuck,42.3390628817,-71.084466565,2.319,328285.3185,4689527.36247,19,T,4
1582848045761710305,427,1582848045760530948,GNSSpuck,42.339062895,-71.0844665183,2.329,328285.322381,4689527.36386,19,T,4
1582848046769901940,428,1582848046768766403,GNSSpuck,42.3390628783,-71.0844665233,2.336,328285.321924,4689527.36201,19,T,4
1582848047769385796,429,1582848047767862319,GNSSpuck,42.3390628817,-71.0844665867,2.315,328285.316716,4689527.36251,19,T,4
1582848048775721208,430,1582848048774194478,GNSSpuck,42.339062895,-71.08446653,2.321,328285.32142,4689527.36388,19,T,4
1582848049764261348,431,1582848049762781381,GNSSpuck,42.3390628983,-71.0844665783,2.312,328285.317447,4689527.36435,19,T,4
1582848050776583599,432,1582848050775096893,GNSSpuck,42.3390629383,-71.08446658,2.312,328285.317419,4689527.36879,19,T,4
1582848051761671898,433,1582848051759877681,GNSSpuck,42.3390629933,-71.0844665383,2.311,328285.321001,4689527.37481,19,T,4
1582848052774652182,434,1582848052773285865,GNSSpuck,42.3390628733,-71.0844665367,2.313,328285.320812,4689527.36149,19,T,4
1582848053769670439,435,1582848053768305778,GNSSpuck,42.3390628567,-71.0844665667,2.309,328285.318295,4689527.3597,19,T,4
1582848054758100477,436,1582848054757073879,GNSSpuck,42.33906294,-71.0844666283,2.298,328285.313442,4689527.36907,19,T,1
1582848055756243292,437,1582848055755642890,GNSSpuck,42.3390628917,-71.0844665467,2.312,328285.320038,4689527.36354,19,T,4
1582848056783677125,438,1582848056782029151,GNSSpuck,42.3390628733,-71.084466495,2.315,328285.324245,4689527.3614,19,T,4
1582848057765666030,439,1582848057763982295,GNSSpuck,42.3390628333,-71.0844665533,2.318,328285.31933,4689527.35708,19,T,4
1582848058763441820,440,1582848058762495517,GNSSpuck,42.339062875,-71.0844665517,2.307,328285.319581,4689527.3617,19,T,4
1582848059771505800,441,1582848059771327495,GNSSpuck,42.3390629467,-71.0844666217,2.304,328285.314009,4689527.3698,19,T,4
1582848060774368385,442,1582848060772644281,GNSSpuck,42.33906295,-71.0844665933,2.304,328285.316352,4689527.37011,19,T,4
1582848061764503662,443,1582848061763247966,GNSSpuck,42.3390630067,-71.0844665967,2.3,328285.316232,4689527.37641,19,T,4
1582848062780293363,444,1582848062778160572,GNSSpuck,42.3390629533,-71.0844665983,2.301,328285.31595,4689527.37049,19,T,4
1582848063763988736,445,1582848063763281822,GNSSpuck,42.3390629833,-71.0844665833,2.307,328285.317267,4689527.3738,19,T,4
1582848064821097937,446,1582848064817732334,GNSSpuck,42.3390630117,-71.0844666167,2.307,328285.314598,4689527.37701,19,T,4
1582848065767934635,447,1582848065764985084,GNSSpuck,42.3390630183,-71.0844666283,2.312,328285.313655,4689527.37777,19,T,4
1582848066769069951,448,1582848066768162250,GNSSpuck,42.3390629883,-71.08446664,2.31,328285.312612,4689527.37446,19,T,4
1582848067767512808,449,1582848067766202211,GNSSpuck,42.3390629933,-71.084466645,2.333,328285.312214,4689527.37503,19,T,4
1582848068767550840,450,1582848068767292499,GNSSpuck,42.3390630167,-71.0844665867,2.315,328285.317083,4689527.3775,19,T,4
1582848069818087608,451,1582848069817814350,GNSSpuck,42.339063005,-71.0844664283,2.333,328285.330095,4689527.37589,19,T,4
1582848070786859655,452,1582848070783617734,GNSSpuck,42.3390630667,-71.0844664,2.338,328285.332597,4689527.38268,19,T,4
1582848071770005869,453,1582848071768532991,GNSSpuck,42.339063025,-71.0844665867,2.31,328285.317106,4689527.37843,19,T,4
1582848072787085507,454,1582848072783335685,GNSSpuck,42.33906303,-71.0844665317,2.303,328285.32165,4689527.37887,19,T,4
1582848073779487479,455,1582848073775364398,GNSSpuck,42.3390630167,-71.0844664817,2.301,328285.325733,4689527.37729,19,T,4
1582848074824610676,456,1582848074822070360,GNSSpuck,42.3390629933,-71.0844665017,2.305,328285.324022,4689527.37474,19,T,4
1582848075769962121,457,1582848075767804145,GNSSpuck,42.339062935,-71.084466495,2.322,328285.324412,4689527.36825,19,T,4
1582848076779974175,458,1582848076778965234,GNSSpuck,42.3390629433,-71.0844664683,2.313,328285.326632,4689527.36912,19,T,4
1582848077768985406,459,1582848077767202138,GNSSpuck,42.3390629217,-71.0844665183,2.313,328285.322454,4689527.36682,19,T,4
1582848078787247182,460,1582848078783523797,GNSSpuck,42.3390629167,-71.0844665483,2.3,328285.319969,4689527.36632,19,T,4
1582848079769834977,461,1582848079766050815,GNSSpuck,42.3390629367,-71.084466485,2.315,328285.325241,4689527.36841,19,T,4
1582848080795810763,462,1582848080793219804,GNSSpuck,42.339062975,-71.08446648,2.308,328285.325757,4689527.37266,19,T,4
1582848081774110213,463,1582848081770472764,GNSSpuck,42.3390629467,-71.0844665717,2.309,328285.318128,4689527.3697,19,T,4
1582848082779933690,464,1582848082779080629,GNSSpuck,42.3390629217,-71.0844665983,2.319,328285.315863,4689527.36698,19,T,4
1582848083768434334,465,1582848083764894008,GNSSpuck,42.3390629067,-71.0844666117,2.317,328285.314724,4689527.36534,19,T,4
1582848084777925449,466,1582848084774744272,GNSSpuck,42.3390629283,-71.0844665867,2.304,328285.316843,4689527.36769,19,T,4
1582848085770684151,467,1582848085767786264,GNSSpuck,42.3390628267,-71.084466555,2.296,328285.319175,4689527.35634,19,T,4
1582848086785299990,468,1582848086782158136,GNSSpuck,42.3390628783,-71.0844665767,2.31,328285.31753,4689527.36212,19,T,4
1582848087773849800,469,1582848087771202087,GNSSpuck,42.3390628167,-71.0844665917,2.321,328285.316127,4689527.3553,19,T,4
1582848088787035537,470,1582848088783848762,GNSSpuck,42.3390628133,-71.0844665983,2.31,328285.315568,4689527.35495,19,T,4
1582848089779039067,471,1582848089774429082,GNSSpuck,42.3390628633,-71.0844665267,2.311,328285.321609,4689527.36036,19,T,4
1582848090796783725,472,1582848090791879892,GNSSpuck,42.3390628467,-71.084466545,2.307,328285.320053,4689527.35854,19,T,4
1582848091774624691,473,1582848091771272420,GNSSpuck,42.3390628033,-71.0844665083,2.307,328285.322956,4689527.35366,19,T,4
1582848092789609077,474,1582848092786349773,GNSSpuck,42.33906284,-71.0844665117,2.305,328285.322781,4689527.35773,19,T,4
1582848093769812825,475,1582848093769335031,GNSSpuck,42.3390628567,-71.0844665617,2.297,328285.318707,4689527.35969,19,T,4
1582848094827724211,476,1582848094824297428,GNSSpuck,42.3390629317,-71.08446652,2.3,328285.322344,4689527.36793,19,T,4
1582848095772584840,477,1582848095769312858,GNSSpuck,42.33906292,-71.084466505,2.304,328285.323548,4689527.3666,19,T,4
1582848096770658260,478,1582848096766571760,GNSSpuck,42.3390628817,-71.0844665017,2.315,328285.323718,4689527.36234,19,T,1
1582848097759086756,479,1582848097755571603,GNSSpuck,42.3390627017,-71.0844665417,2.322,328285.319933,4689527.34243,19,T,1
1582848098777207921,480,1582848098774181365,GNSSpuck,42.339062865,-71.0844665567,2.306,328285.319142,4689527.3606,19,T,4
1582848099772429528,481,1582848099769401073,GNSSpuck,42.3390628567,-71.0844664817,2.305,328285.325298,4689527.35952,19,T,4
1582848100792677242,482,1582848100790538072,GNSSpuck,42.3390628533,-71.084466435,2.32,328285.329133,4689527.35906,19,T,4
1582848101771446030,483,1582848101767990827,GNSSpuck,42.3390629217,-71.0844664367,2.316,328285.329182,4689527.36665,19,T,4
1582848102782590658,484,1582848102778559684,GNSSpuck,42.3390629667,-71.0844664567,2.319,328285.327657,4689527.37169,19,T,4
1582848103772295377,485,1582848103768623113,GNSSpuck,42.3390629733,-71.08446637,2.317,328285.334814,4689527.37225,19,T,4
1582848104778107349,486,1582848104775213479,GNSSpuck,42.33906301,-71.08446642,2.329,328285.330795,4689527.37643,19,T,4
1582848105775710483,487,1582848105773354053,GNSSpuck,42.33906297,-71.084466475,2.316,328285.326155,4689527.3721,19,T,4
1582848106789358195,488,1582848106787425518,GNSSpuck,42.3390628983,-71.08446651,2.323,328285.323077,4689527.36421,19,T,4
1582848107766146306,489,1582848107764195919,GNSSpuck,42.3390628333,-71.0844665633,2.304,328285.318506,4689527.3571,19,T,4
1582848108775802842,490,1582848108773145914,GNSSpuck,42.33906291,-71.0844664517,2.291,328285.327914,4689527.36539,19,T,4
1582848109757588886,491,1582848109756897687,GNSSpuck,42.3390631933,-71.084466175,2.276,328285.351478,4689527.39629,19,T,1
1582848110774978503,492,1582848110772538423,GNSSpuck,42.3390628833,-71.0844665417,2.304,328285.320427,4689527.36261,19,T,4
1582848111774905420,493,1582848111772248506,GNSSpuck,42.3390628533,-71.0844665167,2.294,328285.322405,4689527.35923,19,T,4
1582848112788547758,494,1582848112786342620,GNSSpuck,42.3390628617,-71.0844665317,2.296,328285.321192,4689527.36018,19,T,4
1582848113776814781,495,1582848113771684408,GNSSpuck,42.33906289,-71.0844665667,2.286,328285.318386,4689527.3634,19,T,4
1582848114789804349,496,1582848114785912990,GNSSpuck,42.3390628733,-71.0844666033,2.285,328285.31532,4689527.36162,19,T,4
1582848115773349050,497,1582848115770924091,GNSSpuck,42.3390628967,-71.0844666033,2.292,328285.315383,4689527.36421,19,T,4
1582848116789797544,498,1582848116786324977,GNSSpuck,42.3390630317,-71.0844665083,2.268,328285.323577,4689527.37901,19,T,4
1582848117787947097,499,1582848117784376144,GNSSpuck,42.3390632033,-71.084466495,2.236,328285.325143,4689527.39805,19,T,4
1582848118790827218,500,1582848118788050413,GNSSpuck,42.33906317,-71.084466505,2.222,328285.324228,4689527.39436,19,T,4
1582848119772265361,501,1582848119768967866,GNSSpuck,42.3390631367,-71.084466735,2.201,328285.30519,4689527.39113,19,T,4
1582848120789832320,502,1582848120787692785,GNSSpuck,42.339063145,-71.0844667983,2.188,328285.299995,4689527.39218,19,T,4
1582848121779135093,503,1582848121774741411,GNSSpuck,42.3390631983,-71.0844665883,2.22,328285.31744,4689527.39768,19,T,4
1582848122790433115,504,1582848122787911891,GNSSpuck,42.3390631633,-71.0844666267,2.213,328285.314187,4689527.39387,19,T,4
1582848123771396819,505,1582848123769255876,GNSSpuck,42.3390631233,-71.084466625,2.214,328285.314215,4689527.38943,19,T,4
1582848124795325026,506,1582848124791914701,GNSSpuck,42.3390632217,-71.0844665917,2.246,328285.317229,4689527.40028,19,T,5
1582848125780960120,507,1582848125777491092,GNSSpuck,42.3390632583,-71.08446659,2.248,328285.317466,4689527.40435,19,T,5
1582848126785266638,508,1582848126782157897,GNSSpuck,42.33906323,-71.0844665817,2.24,328285.318076,4689527.40118,19,T,5
1582848127770318240,509,1582848127767162799,GNSSpuck,42.339063215,-71.0844665633,2.249,328285.319545,4689527.39948,19,T,5
1582848128783574773,510,1582848128781515836,GNSSpuck,42.3390633933,-71.0844664967,2.264,328285.325523,4689527.41915,19,T,5
1582848129778975751,511,1582848129774901390,GNSSpuck,42.3390633767,-71.0844665167,2.258,328285.32383,4689527.41734,19,T,5
1582848130787601707,512,1582848130784329414,GNSSpuck,42.339063435,-71.0844664667,2.266,328285.328108,4689527.42371,19,T,5
1582848131779622284,513,1582848131776993036,GNSSpuck,42.3390634167,-71.08446644,2.265,328285.330255,4689527.42162,19,T,5
1582848132782113364,514,1582848132778340101,GNSSpuck,42.339063385,-71.0844664783,2.263,328285.32701,4689527.41819,19,T,5
1582848133782312056,515,1582848133779737710,GNSSpuck,42.3390633583,-71.084466495,2.253,328285.325565,4689527.41526,19,T,5
1582848134785620262,516,1582848134782346725,GNSSpuck,42.3390631717,-71.0844664783,2.258,328285.32643,4689527.3945,19,T,5
1582848135765715797,517,1582848135763551950,GNSSpuck,42.3390631867,-71.0844665,2.254,328285.324686,4689527.39621,19,T,5
1582848136782695306,518,1582848136782156944,GNSSpuck,42.339063385,-71.0844664967,2.272,328285.3255,4689527.41822,19,T,5
1582848137771827165,519,1582848137768970012,GNSSpuck,42.3390632983,-71.0844665583,2.273,328285.320184,4689527.40872,19,T,5
1582848138781744828,520,1582848138779719829,GNSSpuck,42.3390632617,-71.0844665683,2.27,328285.31926,4689527.40467,19,T,5
1582848139777558057,521,1582848139776044845,GNSSpuck,42.33906326,-71.0844665183,2.276,328285.323375,4689527.40439,19,T,5
1582848140833324782,522,1582848140831510782,GNSSpuck,42.3390632617,-71.08446654,2.284,328285.321594,4689527.40461,19,T,5
1582848141774641059,523,1582848141774015903,GNSSpuck,42.3390632917,-71.0844665883,2.281,328285.317694,4689527.40804,19,T,5
1582848142780855889,524,1582848142779904603,GNSSpuck,42.33906335,-71.08446657,2.281,328285.319363,4689527.41448,19,T,5
1582848143768766931,525,1582848143767544984,GNSSpuck,42.3390633567,-71.0844665817,2.272,328285.31842,4689527.41525,19,T,5
1582848144780288393,526,1582848144779334306,GNSSpuck,42.339063325,-71.084466585,2.262,328285.31806,4689527.41174,19,T,5
1582848145780356397,527,1582848145780087471,GNSSpuck,42.3390633167,-71.0844665567,2.279,328285.320371,4689527.41076,19,T,5
1582848146773217403,528,1582848146771758794,GNSSpuck,42.3390633133,-71.0844665633,2.282,328285.319813,4689527.4104,19,T,5
1582848147772074353,529,1582848147771774291,GNSSpuck,42.339063315,-71.0844665917,2.277,328285.317483,4689527.41064,19,T,5
1582848148780287765,530,1582848148778649568,GNSSpuck,42.339063125,-71.0844666317,2.298,328285.313671,4689527.38962,19,T,5
1582848149767191194,531,1582848149766115903,GNSSpuck,42.339063075,-71.0844666,2.294,328285.316143,4689527.38401,19,T,5
1582848150777502997,532,1582848150776785850,GNSSpuck,42.3390632083,-71.08446653,2.271,328285.322273,4689527.39867,19,T,5
1582848151764286535,533,1582848151762988328,GNSSpuck,42.339063255,-71.0844665717,2.273,328285.318968,4689527.40394,19,T,5
1582848152781688693,534,1582848152780263662,GNSSpuck,42.3390629,-71.084466575,2.309,328285.317727,4689527.36452,19,T,4
1582848153789503778,535,1582848153788150548,GNSSpuck,42.3390629567,-71.084466555,2.312,328285.319528,4689527.37078,19,T,4
1582848154783850299,536,1582848154782493352,GNSSpuck,42.3390629017,-71.084466535,2.309,328285.321026,4689527.36463,19,T,4
1582848155773086373,537,1582848155771395921,GNSSpuck,42.3390629,-71.08446655,2.305,328285.319786,4689527.36447,19,T,4
1582848156775601388,538,1582848156774754047,GNSSpuck,42.3390629467,-71.084466535,2.311,328285.321149,4689527.36963,19,T,4
1582848157762772479,539,1582848157761229276,GNSSpuck,42.3390633117,-71.084466505,2.278,328285.324614,4689527.4101,19,T,5
1582848158778888792,540,1582848158777247667,GNSSpuck,42.3390633283,-71.0844664883,2.28,328285.326032,4689527.41191,19,T,5
1582848159784350314,541,1582848159782865524,GNSSpuck,42.339062975,-71.0844664783,2.313,328285.325894,4689527.37266,19,T,4
1582848160898790178,542,1582848160895824670,GNSSpuck,42.33906327,-71.0844664833,2.285,328285.326285,4689527.40543,19,T,5
1582848161776489111,543,1582848161776254415,GNSSpuck,42.33906289,-71.08446654,2.309,328285.320583,4689527.36334,19,T,4
1582848162794630051,544,1582848162794320821,GNSSpuck,42.3390632133,-71.084466505,2.285,328285.324346,4689527.39918,19,T,5
1582848163785624830,545,1582848163785296678,GNSSpuck,42.339062865,-71.0844664567,2.311,328285.32738,4689527.3604,19,T,4
1582848164778135408,546,1582848164777679443,GNSSpuck,42.3390629817,-71.08446648,2.325,328285.325775,4689527.3734,19,T,4
1582848165763315769,547,1582848165761859893,GNSSpuck,42.3390629433,-71.084466445,2.319,328285.328554,4689527.36907,19,T,4
1582848166779410042,548,1582848166779180049,GNSSpuck,42.33906295,-71.0844664433,2.315,328285.32871,4689527.36981,19,T,4
1582848167766011332,549,1582848167764106035,GNSSpuck,42.3390629417,-71.0844664417,2.32,328285.328824,4689527.36888,19,T,4
1582848168778629611,550,1582848168777565240,GNSSpuck,42.33906286,-71.0844666517,2.306,328285.311302,4689527.36024,19,T,4
1582848169764198282,551,1582848169762746572,GNSSpuck,42.3390629833,-71.0844664883,2.34,328285.325093,4689527.3736,19,T,4
1582848170790347400,552,1582848170789248228,GNSSpuck,42.339062915,-71.0844665083,2.327,328285.32326,4689527.36606,19,T,4
1582848171825961920,553,1582848171825155019,GNSSpuck,42.339062955,-71.0844664867,2.325,328285.325153,4689527.37045,19,T,4
1582848172797565609,554,1582848172795861244,GNSSpuck,42.3390629267,-71.0844665083,2.328,328285.323291,4689527.36735,19,T,4
1582848173780371051,555,1582848173779242277,GNSSpuck,42.3390628883,-71.0844665817,2.321,328285.317146,4689527.36324,19,T,4
1582848174784132598,556,1582848174782896995,GNSSpuck,42.339062905,-71.084466595,2.319,328285.316093,4689527.36512,19,T,4
1582848175771982060,557,1582848175770731925,GNSSpuck,42.33906287,-71.08446661,2.32,328285.314762,4689527.36126,19,T,4
1582848176835383038,558,1582848176832238912,GNSSpuck,42.3390628983,-71.0844665933,2.322,328285.316212,4689527.36438,19,T,4
1582848177775333727,559,1582848177772532701,GNSSpuck,42.339062885,-71.0844665733,2.322,328285.317823,4689527.36286,19,T,4
1582848178799127126,560,1582848178794539928,GNSSpuck,42.339062895,-71.08446656,2.323,328285.318949,4689527.36394,19,T,4
1582848179778371623,561,1582848179778202772,GNSSpuck,42.3390629317,-71.08446655,2.315,328285.319872,4689527.36799,19,T,4
1582848180783539405,562,1582848180780277252,GNSSpuck,42.3390629683,-71.0844665033,2.325,328285.323817,4689527.37197,19,T,4
1582848181775470769,563,1582848181771104812,GNSSpuck,42.339062985,-71.084466535,2.327,328285.321253,4689527.37388,19,T,4
1582848182782574173,564,1582848182780421257,GNSSpuck,42.3390629467,-71.08446656,2.32,328285.319089,4689527.36968,19,T,4
1582848183771610569,565,1582848183769418001,GNSSpuck,42.3390629367,-71.0844665883,2.306,328285.316728,4689527.36862,19,T,4
1582848184777166042,566,1582848184776695013,GNSSpuck,42.3390629217,-71.0844666483,2.302,328285.311744,4689527.36708,19,T,4
1582848185764808694,567,1582848185760888814,GNSSpuck,42.3390627733,-71.0844666783,2.302,328285.308869,4689527.35067,19,T,4
1582848186801167596,568,1582848186798975229,GNSSpuck,42.339062825,-71.0844666933,2.305,328285.307774,4689527.35644,19,T,4
1582848187775397033,569,1582848187774866342,GNSSpuck,42.3390627567,-71.084466715,2.288,328285.305803,4689527.34889,19,T,4
1582848188787988628,570,1582848188784407615,GNSSpuck,42.3390628633,-71.0844666233,2.304,328285.313645,4689527.36055,19,T,4
1582848189771433569,571,1582848189767689704,GNSSpuck,42.339062855,-71.084466495,2.308,328285.324195,4689527.35937,19,T,4
1582848190784391889,572,1582848190780577421,GNSSpuck,42.339062865,-71.084466505,2.31,328285.323398,4689527.3605,19,T,4
1582848191777774500,573,1582848191772812604,GNSSpuck,42.3390628733,-71.08446651,2.309,328285.323009,4689527.36143,19,T,4
1582848192791263897,574,1582848192787496089,GNSSpuck,42.33906281,-71.084466565,2.303,328285.318305,4689527.35451,19,T,4
1582848193773110973,575,1582848193770624876,GNSSpuck,42.3390628,-71.08446656,2.306,328285.31869,4689527.35339,19,T,4
1582848194785030339,576,1582848194781684637,GNSSpuck,42.339062835,-71.0844665367,2.308,328285.320708,4689527.35723,19,T,4
1582848195779617136,577,1582848195776592969,GNSSpuck,42.339062845,-71.0844664783,2.307,328285.32554,4689527.35822,19,T,4
1582848196793111553,578,1582848196788860321,GNSSpuck,42.339062815,-71.0844664783,2.299,328285.325459,4689527.35489,19,T,4
1582848197791656482,579,1582848197787870407,GNSSpuck,42.3390628667,-71.0844664517,2.308,328285.327796,4689527.36057,19,T,4
1582848198788526794,580,1582848198786047935,GNSSpuck,42.3390628783,-71.0844664567,2.311,328285.327416,4689527.36188,19,T,4
1582848199780677800,581,1582848199777708530,GNSSpuck,42.3390627967,-71.0844665033,2.286,328285.323349,4689527.35291,19,T,4
1582848200791540257,582,1582848200789255619,GNSSpuck,42.339062765,-71.084466505,2.285,328285.323126,4689527.34939,19,T,4
1582848201782011521,583,1582848201779554128,GNSSpuck,42.3390627883,-71.0844664583,2.283,328285.327034,4689527.35189,19,T,4
1582848202779683845,584,1582848202776468276,GNSSpuck,42.3390627633,-71.08446651,2.295,328285.322709,4689527.34922,19,T,4
1582848203783500452,585,1582848203779351472,GNSSpuck,42.3390629117,-71.08446664,2.306,328285.312404,4689527.36595,19,T,4
1582848204784067538,586,1582848204781788825,GNSSpuck,42.339062875,-71.0844666433,2.325,328285.312029,4689527.36189,19,T,4
1582848205779764582,587,1582848205776701688,GNSSpuck,42.3390628833,-71.084466615,2.325,328285.314386,4689527.36275,19,T,4
1582848206794572494,588,1582848206791783571,GNSSpuck,42.33906287,-71.084466615,2.321,328285.31435,4689527.36127,19,T,4
1582848207775150119,589,1582848207772650718,GNSSpuck,42.3390628733,-71.0844666083,2.316,328285.314908,4689527.36163,19,T,4
1582848208790750142,590,1582848208787735223,GNSSpuck,42.3390629017,-71.0844666733,2.326,328285.30963,4689527.36491,19,T,4
1582848209776400986,591,1582848209772201061,GNSSpuck,42.3390628983,-71.08446667,2.331,328285.309896,4689527.36453,19,T,4
1582848210784950476,592,1582848210782248973,GNSSpuck,42.3390628467,-71.084466705,2.292,328285.306872,4689527.35887,19,T,4
1582848211775456558,593,1582848211771159410,GNSSpuck,42.3390627567,-71.0844665133,2.307,328285.322417,4689527.34848,19,T,4
1582848212830259889,594,1582848212827030181,GNSSpuck,42.3390628233,-71.0844665217,2.307,328285.321912,4689527.3559,19,T,4
1582848213776118537,595,1582848213774429321,GNSSpuck,42.3390628283,-71.0844665383,2.3,328285.320552,4689527.35649,19,T,4
1582848214785857765,596,1582848214785364389,GNSSpuck,42.339062775,-71.0844665233,2.308,328285.321643,4689527.35054,19,T,4
1582848215781407152,597,1582848215777975559,GNSSpuck,42.339062765,-71.0844665,2.304,328285.323538,4689527.34938,19,T,4
1582848216791186097,598,1582848216790707826,GNSSpuck,42.3390628067,-71.0844664783,2.317,328285.325436,4689527.35397,19,T,4
1582848217779903725,599,1582848217777510881,GNSSpuck,42.3390628167,-71.0844664817,2.307,328285.325189,4689527.35508,19,T,4
1582848218788692739,600,1582848218785375118,GNSSpuck,42.3390628233,-71.084466465,2.313,328285.32658,4689527.35579,19,T,4
1582848219775103552,601,1582848219772682428,GNSSpuck,42.339062825,-71.0844664767,2.3,328285.325623,4689527.356,19,T,4
1582848220781054524,602,1582848220780590295,GNSSpuck,42.3390627967,-71.0844665117,2.291,328285.322663,4689527.35292,19,T,4
1582848221776006646,603,1582848221772587776,GNSSpuck,42.3390628067,-71.0844664983,2.301,328285.323788,4689527.35401,19,T,4
1582848222827928125,604,1582848222825447797,GNSSpuck,42.3390628417,-71.0844665233,2.291,328285.321824,4689527.35794,19,T,4
1582848223768493225,605,1582848223765148639,GNSSpuck,42.3390628767,-71.08446653,2.296,328285.32137,4689527.36184,19,T,4
1582848224781476798,606,1582848224779037237,GNSSpuck,42.3390629083,-71.08446651,2.299,328285.323104,4689527.36532,19,T,4
1582848225773587041,607,1582848225770290613,GNSSpuck,42.339062925,-71.08446651,2.296,328285.323149,4689527.36717,19,T,4
1582848226783939389,608,1582848226781636238,GNSSpuck,42.339062935,-71.0844665133,2.295,328285.322902,4689527.36829,19,T,4
1582848227775497192,609,1582848227772208690,GNSSpuck,42.33906308,-71.0844666183,2.29,328285.314647,4689527.3846,19,T,5
1582848228787900555,610,1582848228784188270,GNSSpuck,42.3390631583,-71.084466625,2.297,328285.314311,4689527.39331,19,T,5
1582848229780508329,611,1582848229778272151,GNSSpuck,42.3390631417,-71.08446663,2.301,328285.313853,4689527.39147,19,T,5
1582848230786910273,612,1582848230783710718,GNSSpuck,42.3390628717,-71.0844666067,2.311,328285.315041,4689527.36144,19,T,4
1582848231785016974,613,1582848231782790422,GNSSpuck,42.3390628867,-71.0844666117,2.312,328285.31467,4689527.36312,19,T,4
1582848232830554941,614,1582848232828045129,GNSSpuck,42.33906317,-71.0844665167,2.287,328285.323267,4689527.39439,19,T,5
